; Standard historical emissions for GCAM, 1990-2010.  Pre-1990 and Post-2010 emissions are from RCP4.5, ,,,,,,,,,,,,,,,,,,,,,,,,,,,,,,,,,,,,,,
; taken from ../magicc/Historical\ Emissions/Default\ Emissions\ Module/Hist_to_2008_Annual.csv,,,,,,,,,,,,,,,,,,,,,,,,,,,,,,,,,,,,,,,,
;UNITS:,GtC/yr,GtC/yr,Gg,Gg,MtS/yr,GgS/yr,MtCO/yr,Mt/yr,MtN/yr,Mt/yr,Mt/yr,MtN/yr,kt/yr,kt/yr,kt/yr,kt/yr,kt/yr,kt/yr,kt/yr,kt/yr,kt/yr,kt/yr,kt/yr,kt/yr,kt/yr,kt/yr,kt/yr,kt/yr,kt/yr,kt/yr,kt/yr,kt/yr,kt/yr,kt/yr,kt/yr,kt/yr,kt/yr,kt/yr,kt/yr,kt/yr
Date,anthroEmissions,lucEmissions,CH4_emissions,N2O_emissions,SOx,SO2_emissions,CO_emissions,NMVOC_emissions,NOX_emissions,BC_emissions,OC_emissions,NH3,CF4_emissions,C2F6_emissions,C6F14,HFC23_emissions,HFC32_emissions,HFC4310_emissions,HFC125_emissions,HFC134a_emissions,HFC143a_emissions,HFC227ea_emissions,HFC245fa_emissions,SF6_emissions,CFC11_emissions,CFC12_emissions,CFC113_emissions,CFC114_emissions,CFC115_emissions,CCl4_emissions,CH3CCl3_emissions,HCF22_emissions,HCF141b_emissions,HCF142b_emissions,halon1211_emissions,HALON1202,halon1301_emissions,halon2402_emissions,CH3Br_emissions,CH3Cl_emissions
1765,0.003,0,0,0,0,0,0,0,0,0,0,0.83383669,0.010762744,0,0,0,0,0,0,0,0,0,0,0,0,0,0,0,0,0,0,0,0,0,0,0,0,0,157.267,3100.211
1766,0.003,0.005338296,1.9632619,0.005191085,0.098882647,98.882647,9.0502213,1.5968747,0.10950162,0.106998,0.56591996,0.85423057,0.010752073,0,0,0,0,0,0,0,0,0,0,0,0,0,0,0,0,0,0,0,0,0,0,0,0,0,157.267,3100.211
1767,0.003,0.010676593,2.4364481,0.010116813,0.1163065,116.3065,12.960844,2.2923164,0.16803826,0.1333826,0.78146771,0.87416738,0.010747949,0,0,0,0,0,0,0,0,0,0,0,0,0,0,0,0,0,0,0,0,0,0,0,0,0,157.267,3100.211
1768,0.003,0.016014889,2.911105,0.015042803,0.13381075,133.81075,16.876539,2.9886478,0.2266252,0.15984677,0.99736131,0.89365446,0.01074382,0,0,0,0,0,0,0,0,0,0,0,0,0,0,0,0,0,0,0,0,0,0,0,0,0,157.267,3100.211
1769,0.003,0.021353185,3.3872782,0.019969063,0.15139789,151.39789,20.797465,3.6858966,0.28526401,0.18639296,1.2136114,0.91269911,0.010739687,0,0,0,0,0,0,0,0,0,0,0,0,0,0,0,0,0,0,0,0,0,0,0,0,0,157.267,3100.211
1770,0.003,0.026691482,3.8650146,0.024895601,0.16907049,169.07049,24.723782,4.3840909,0.34395628,0.21302373,1.4302291,0.93130867,0.010735548,0,0,0,0,0,0,0,0,0,0,0,0,0,0,0,0,0,0,0,0,0,0,0,0,0,157.267,3100.211
1771,0.004,0.032029778,4.3443625,0.029822427,0.18683119,186.83119,28.655658,5.0832602,0.40270367,0.23974168,1.6472257,0.95253247,0.010731403,0,0,0,0,0,0,0,0,0,0,0,0,0,0,0,0,0,0,0,0,0,0,0,0,0,157.267,3100.211
1772,0.004,0.037368074,4.8253718,0.034749548,0.20468271,204.68271,32.593264,5.7834346,0.46150789,0.26654951,1.864613,0.97029378,0.010727254,0,0,0,0,0,0,0,0,0,0,0,0,0,0,0,0,0,0,0,0,0,0,0,0,0,157.267,3100.211
1773,0.004,0.042706371,5.3080938,0.039676975,0.22262786,222.62786,36.536778,6.4846451,0.52037068,0.29345,2.082403,0.98764194,0.010723098,0,0,0,0,0,0,0,0,0,0,0,0,0,0,0,0,0,0,0,0,0,0,0,0,0,157.267,3100.211
1774,0.004,0.048044667,5.7925816,0.044604715,0.24066954,240.66954,40.486382,7.1869238,0.57929387,0.32044601,2.3006082,1.0045843,0.010718937,0,0,0,0,0,0,0,0,0,0,0,0,0,0,0,0,0,0,0,0,0,0,0,0,0,157.267,3100.211
1775,0.004,0.053382963,6.2788896,0.04953278,0.25881073,258.81073,44.442265,7.8903037,0.63827932,0.34754051,2.5192414,1.0211281,0.010714769,0,0,0,0,0,0,0,0,0,0,0,0,0,0,0,0,0,0,0,0,0,0,0,0,0,157.267,3100.211
1776,0.004,0.058721259,6.7670743,0.05446118,0.27705451,277.05451,48.40462,8.5948188,0.69732895,0.37473653,2.7383159,1.0372808,0.010710595,0,0,0,0,0,0,0,0,0,0,0,0,0,0,0,0,0,0,0,0,0,0,0,0,0,157.267,3100.211
1777,0.004,0.064059556,7.2571937,0.059389923,0.29540406,295.40406,52.373649,9.3005044,0.75644476,0.40203721,2.9578452,1.0530496,0.010706413,0,0,0,0,0,0,0,0,0,0,0,0,0,0,0,0,0,0,0,0,0,0,0,0,0,157.267,3100.211
1778,0.004,0.069397852,7.7493076,0.064319022,0.31386264,313.86264,56.349557,10.007397,0.81562878,0.4294458,3.1778436,1.0684418,0.010702225,0,0,0,0,0,0,0,0,0,0,0,0,0,0,0,0,0,0,0,0,0,0,0,0,0,157.267,3100.211
1779,0.004,0.074736148,8.2434776,0.069248487,0.33243362,332.43362,60.332558,10.715533,0.87488313,0.45696563,3.3983254,1.0834648,0.01069803,0,0,0,0,0,0,0,0,0,0,0,0,0,0,0,0,0,0,0,0,0,0,0,0,0,157.267,3100.211
1780,0.004,0.080074445,8.7397674,0.07417833,0.35112049,351.12049,64.32287,11.424951,0.93420999,0.48460014,3.6193057,1.0981259,0.010693826,0,0,0,0,0,0,0,0,0,0,0,0,0,0,0,0,0,0,0,0,0,0,0,0,0,157.267,3100.211
1781,0.005,0.085412741,9.2382426,0.079108562,0.36992683,369.92683,68.32072,12.135692,0.99361159,0.51235288,3.8407999,1.1154744,0.010689617,0,0,0,0,0,0,0,0,0,0,0,0,0,0,0,0,0,0,0,0,0,0,0,0,0,157.267,3100.211
1782,0.005,0.090751037,9.7389706,0.084039195,0.38885633,388.85633,72.32634,12.847795,1.0530902,0.5402275,4.0628238,1.1294337,0.010685398,0,0,0,0,0,0,0,0,0,0,0,0,0,0,0,0,0,0,0,0,0,0,0,0,0,157.267,3100.211
1783,0.005,0.096089334,10.242021,0.088970241,0.4079128,407.9128,76.339972,13.561303,1.1126483,0.56822778,4.2853938,1.143053,0.010681171,0,0,0,0,0,0,0,0,0,0,0,0,0,0,0,0,0,0,0,0,0,0,0,0,0,157.267,3100.211
1784,0.005,0.10142763,10.747466,0.093901714,0.42710016,427.10016,80.361863,14.27626,1.1722883,0.59635759,4.5085268,1.1563396,0.010676935,0,0,0,0,0,0,0,0,0,0,0,0,0,0,0,0,0,0,0,0,0,0,0,0,0,157.267,3100.211
1785,0.005,0.10676593,11.25538,0.098833627,0.44642248,446.42248,84.392268,14.992711,1.2320128,0.62462095,4.7322403,1.169301,0.010672691,0,0,0,0,0,0,0,0,0,0,0,0,0,0,0,0,0,0,0,0,0,0,0,0,0,157.267,3100.211
1786,0.005,0.11210422,11.765839,0.10376599,0.46588391,465.88391,88.431451,15.710701,1.2918242,0.65302198,4.9565522,1.1819444,0.010668437,0,0,0,0,0,0,0,0,0,0,0,0,0,0,0,0,0,0,0,0,0,0,0,0,0,157.267,3100.211
1787,0.005,0.11744252,12.278921,0.10869883,0.48548877,485.48877,92.479683,16.430278,1.3517254,0.68156496,5.1814809,1.194277,0.010664172,0,0,0,0,0,0,0,0,0,0,0,0,0,0,0,0,0,0,0,0,0,0,0,0,0,157.267,3100.211
1788,0.005,0.12278082,12.794707,0.11363214,0.50524148,505.24148,96.537244,17.151491,1.4117191,0.71025425,5.4070456,1.2063064,0.010659899,0,0,0,0,0,0,0,0,0,0,0,0,0,0,0,0,0,0,0,0,0,0,0,0,0,157.267,3100.211
1789,0.005,0.12811911,13.313282,0.11856595,0.52514663,525.14663,100.60442,17.874391,1.4718082,0.73909439,5.633266,1.2180397,0.010655614,0,0,0,0,0,0,0,0,0,0,0,0,0,0,0,0,0,0,0,0,0,0,0,0,0,157.267,3100.211
1790,0.005,0.13345741,13.834732,0.12350027,0.54520892,545.20892,104.68152,18.59903,1.5319956,0.76809005,5.8601623,1.2294843,0.010651319,0,0,0,0,0,0,0,0,0,0,0,0,0,0,0,0,0,0,0,0,0,0,0,0,0,157.267,3100.211
1791,0.006,0.1387957,14.359145,0.12843512,0.56543322,565.43322,108.76883,19.325462,1.5922843,0.79724604,6.0877554,1.2436895,0.010647012,0,0,0,0,0,0,0,0,0,0,0,0,0,0,0,0,0,0,0,0,0,0,0,0,0,157.267,3100.211
1792,0.006,0.144134,14.886613,0.13337052,0.58582453,585.82453,112.86668,20.053742,1.6526776,0.8265673,6.3160669,1.2545786,0.010642695,0,0,0,0,0,0,0,0,0,0,0,0,0,0,0,0,0,0,0,0,0,0,0,0,0,157.267,3100.211
1793,0.006,0.1494723,15.417231,0.13830648,0.60638803,606.38803,116.9754,20.783927,1.7131785,0.85605896,6.5451189,1.265201,0.010638364,0,0,0,0,0,0,0,0,0,0,0,0,0,0,0,0,0,0,0,0,0,0,0,0,0,157.267,3100.211
1794,0.006,0.15481059,15.951096,0.14324301,0.62712904,627.12904,121.09532,21.516077,1.7737906,0.88572629,6.7749345,1.2755639,0.010634021,0,0,0,0,0,0,0,0,0,0,0,0,0,0,0,0,0,0,0,0,0,0,0,0,0,157.267,3100.211
1795,0.006,0.16014889,16.488308,0.14818014,0.64805304,648.05304,125.22678,22.250252,1.8345171,0.91557471,7.0055372,1.2856747,0.010629666,0,0,0,0,0,0,0,0,0,0,0,0,0,0,0,0,0,0,0,0,0,0,0,0,0,157.267,3100.211
1796,0.006,0.16548719,17.028971,0.15311788,0.66916569,669.16569,129.37015,22.986514,1.8953617,0.94560984,7.2369513,1.2955407,0.010625297,0,0,0,0,0,0,0,0,0,0,0,0,0,0,0,0,0,0,0,0,0,0,0,0,0,157.267,3100.211
1797,0.007,0.17082548,17.573192,0.15805626,0.69047284,690.47284,133.52578,23.724929,1.9563279,0.97583743,7.469202,1.3082113,0.010620914,0,0,0,0,0,0,0,0,0,0,0,0,0,0,0,0,0,0,0,0,0,0,0,0,0,157.267,3100.211
1798,0.007,0.17616378,18.121081,0.16299529,0.7119805,711.9805,137.69407,24.465563,2.0174196,1.0062635,7.7023151,1.3176096,0.010616517,0,0,0,0,0,0,0,0,0,0,0,0,0,0,0,0,0,0,0,0,0,0,0,0,0,157.267,3100.211
1799,0.007,0.18150207,18.672751,0.167935,0.73369486,733.69486,141.8754,25.208484,2.0786406,1.036894,7.9363173,1.3267852,0.010612106,0,0,0,0,0,0,0,0,0,0,0,0,0,0,0,0,0,0,0,0,0,0,0,0,0,157.267,3100.211
1800,0.008,0.18684037,19.228319,0.1728754,0.75562233,755.62233,146.07018,25.953763,2.1399949,1.0677355,8.1712361,1.3387872,0.010607681,0,0,0,0,0,0,0,0,0,0,0,0,0,0,0,0,0,0,0,0,0,0,0,0,0,157.267,3100.211
1801,0.008,0.19217867,19.787906,0.17781651,0.77776949,777.76949,150.27882,26.701473,2.2014867,1.0987944,8.4070999,1.347539,0.010603238,0,0,0,0,0,0,0,0,0,0,0,0,0,0,0,0,0,0,0,0,0,0,0,0,0,157.267,3100.211
1802,0.01,0.19751696,20.351635,0.18275836,0.80014313,800.14313,154.50174,27.45169,2.2631202,1.1300774,8.6439378,1.362174,0.01059878,0,0,0,0,0,0,0,0,0,0,0,0,0,0,0,0,0,0,0,0,0,0,0,0,0,157.267,3100.211
1803,0.009,0.20285526,20.919636,0.18770098,0.82275026,822.75026,158.7394,28.204491,2.3248998,1.1615915,8.88178,1.3674894,0.010594305,0,0,0,0,0,0,0,0,0,0,0,0,0,0,0,0,0,0,0,0,0,0,0,0,0,157.267,3100.211
1804,0.009,0.20819356,21.49204,0.19264437,0.84559811,845.59811,162.99225,28.959955,2.38683,1.1933438,9.1206576,1.3756605,0.010589813,0,0,0,0,0,0,0,0,0,0,0,0,0,0,0,0,0,0,0,0,0,0,0,0,0,157.267,3100.211
1805,0.009,0.21353185,22.068984,0.19758858,0.86869411,868.69411,167.26075,29.718165,2.4489154,1.2253417,9.3606025,1.3836527,0.010585303,0,0,0,0,0,0,0,0,0,0,0,0,0,0,0,0,0,0,0,0,0,0,0,0,0,157.267,3100.211
1806,0.01,0.21887015,22.650607,0.20253362,0.89204595,892.04595,171.5454,30.479207,2.511161,1.2575928,9.6016479,1.3945153,0.010580775,0,0,0,0,0,0,0,0,0,0,0,0,0,0,0,0,0,0,0,0,0,0,0,0,0,157.267,3100.211
1807,0.01,0.22420845,23.237055,0.20747952,0.91566153,915.66153,175.84668,31.243167,2.5735715,1.2901048,9.8438276,1.4021716,0.010576228,0,0,0,0,0,0,0,0,0,0,0,0,0,0,0,0,0,0,0,0,0,0,0,0,0,157.267,3100.211
1808,0.01,0.22954674,23.828476,0.2124263,0.93954901,939.54901,180.16513,32.010136,2.6361521,1.322886,10.087177,1.409671,0.010571661,0,0,0,0,0,0,0,0,0,0,0,0,0,0,0,0,0,0,0,0,0,0,0,0,0,157.267,3100.211
1809,0.01,0.23488504,24.425025,0.217374,0.9637168,963.7168,184.50125,32.780207,2.6989081,1.3559445,10.331732,1.4170207,0.010567074,0,0,0,0,0,0,0,0,0,0,0,0,0,0,0,0,0,0,0,0,0,0,0,0,0,157.267,3100.211
1810,0.01,0.24022333,25.02686,0.22232264,0.98817358,988.17358,188.85561,33.553476,2.7618449,1.3892891,10.57753,1.424228,0.010562467,0,0,0,0,0,0,0,0,0,0,0,0,0,0,0,0,0,0,0,0,0,0,0,0,0,157.267,3100.211
1811,0.011,0.24556163,25.634145,0.22727225,1.0129283,1012.9283,193.22877,34.330042,2.8249681,1.4229284,10.824609,1.4343424,0.010557838,0,0,0,0,0,0,0,0,0,0,0,0,0,0,0,0,0,0,0,0,0,0,0,0,0,157.267,3100.211
1812,0.011,0.25089993,26.247048,0.23222285,1.0379901,1037.9901,197.62131,35.110006,2.8882835,1.4568717,11.073009,1.4412871,0.010553187,0,0,0,0,0,0,0,0,0,0,0,0,0,0,0,0,0,0,0,0,0,0,0,0,0,157.267,3100.211
1813,0.011,0.25623822,26.865743,0.2371745,1.0633685,1063.3685,202.03382,35.893474,2.951797,1.4911284,11.322772,1.4481114,0.010548513,0,0,0,0,0,0,0,0,0,0,0,0,0,0,0,0,0,0,0,0,0,0,0,0,0,157.267,3100.211
1814,0.011,0.26157652,27.490408,0.2421272,1.0890734,1089.0734,206.46693,36.680555,3.0155147,1.5257081,11.573938,1.4548227,0.010543815,0,0,0,0,0,0,0,0,0,0,0,0,0,0,0,0,0,0,0,0,0,0,0,0,0,157.267,3100.211
1815,0.012,0.26691482,28.12123,0.247081,1.1151148,1115.1148,210.92127,37.471359,3.0794429,1.5606208,11.826552,1.4644703,0.010539094,0,0,0,0,0,0,0,0,0,0,0,0,0,0,0,0,0,0,0,0,0,0,0,0,0,157.267,3100.211
1816,0.013,0.27225311,28.758398,0.25203593,1.1415031,1141.5031,215.39751,38.266003,3.1435882,1.5958768,12.080658,1.4740194,0.010534347,0,0,0,0,0,0,0,0,0,0,0,0,0,0,0,0,0,0,0,0,0,0,0,0,0,157.267,3100.211
1817,0.014,0.27759141,29.402108,0.25699203,1.1682491,1168.2491,219.8963,39.064605,3.2079573,1.6314868,12.336302,1.4834775,0.010529574,0,0,0,0,0,0,0,0,0,0,0,0,0,0,0,0,0,0,0,0,0,0,0,0,0,157.267,3100.211
1818,0.014,0.2829297,30.052563,0.26194932,1.1953638,1195.3638,224.41836,39.867286,3.272557,1.6674616,12.593532,1.4898097,0.010524775,0,0,0,0,0,0,0,0,0,0,0,0,0,0,0,0,0,0,0,0,0,0,0,0,0,157.267,3100.211
1819,0.014,0.288268,30.709971,0.26690786,1.2228586,1222.8586,228.96441,40.674175,3.3373946,1.7038127,12.852397,1.4960655,0.010519947,0,0,0,0,0,0,0,0,0,0,0,0,0,0,0,0,0,0,0,0,0,0,0,0,0,157.267,3100.211
1820,0.014,0.2936063,31.374548,0.27186767,1.2507453,1250.7453,233.53518,41.485399,3.4024773,1.7405516,13.112948,1.5022522,0.010515091,0,0,0,0,0,0,0,0,0,0,0,0,0,0,0,0,0,0,0,0,0,0,0,0,0,157.267,3100.211
1821,0.014,0.29894459,32.046514,0.2768288,1.279036,1279.036,238.13144,42.301095,3.4678129,1.7776902,13.375236,1.5083771,0.010510206,0,0,0,0,0,0,0,0,0,0,0,0,0,0,0,0,0,0,0,0,0,0,0,0,0,157.267,3100.211
1822,0.015,0.30428289,32.7261,0.28179128,1.3077432,1307.7432,242.75398,43.121399,3.533409,1.815241,13.639316,1.5174895,0.010505291,0,0,0,0,0,0,0,0,0,0,0,0,0,0,0,0,0,0,0,0,0,0,0,0,0,157.267,3100.211
1823,0.016,0.30962119,33.413539,0.28675516,1.3368798,1336.8798,247.40361,43.946455,3.5992737,1.8532168,13.905243,1.5265547,0.010500343,0,0,0,0,0,0,0,0,0,0,0,0,0,0,0,0,0,0,0,0,0,0,0,0,0,157.267,3100.211
1824,0.016,0.31495948,34.109076,0.29172049,1.366459,1366.459,252.08117,44.77641,3.6654154,1.8916306,14.173074,1.532538,0.010495364,0,0,0,0,0,0,0,0,0,0,0,0,0,0,0,0,0,0,0,0,0,0,0,0,0,157.267,3100.211
1825,0.017,0.32029778,34.81296,0.2966873,1.3964945,1396.4945,256.78752,45.611414,3.7318426,1.930496,14.442867,1.5415308,0.010490352,0,0,0,0,0,0,0,0,0,0,0,0,0,0,0,0,0,0,0,0,0,0,0,0,0,157.267,3100.211
1826,0.017,0.32563608,35.52545,0.30165564,1.4270005,1427.0005,261.52355,46.451625,3.7985641,1.969827,14.714684,1.5474564,0.010485305,0,0,0,0,0,0,0,0,0,0,0,0,0,0,0,0,0,0,0,0,0,0,0,0,0,157.267,3100.211
1827,0.018,0.33097437,36.246813,0.30662557,1.4579916,1457.9916,266.29019,47.297202,3.8655891,2.009638,14.988587,1.5564061,0.010480223,0,0,0,0,0,0,0,0,0,0,0,0,0,0,0,0,0,0,0,0,0,0,0,0,0,157.267,3100.211
1828,0.018,0.33631267,36.977321,0.31159712,1.4894826,1489.4826,271.08837,48.148313,3.9329269,2.0499438,15.264641,1.5623033,0.010475104,0,0,0,0,0,0,0,0,0,0,0,0,0,0,0,0,0,0,0,0,0,0,0,0,0,157.267,3100.211
1829,0.018,0.34165096,37.717259,0.31657035,1.5214891,1521.4891,275.91908,49.005128,4.0005873,2.0907597,15.542912,1.5681971,0.010469948,0,0,0,0,0,0,0,0,0,0,0,0,0,0,0,0,0,0,0,0,0,0,0,0,0,157.267,3100.211
1830,0.024,0.34698926,38.466917,0.32154532,1.554027,1554.027,280.78331,49.867824,4.0685801,2.1321015,15.823469,1.5923472,0.010464751,0,0,0,0,0,0,0,0,0,0,0,0,0,0,0,0,0,0,0,0,0,0,0,0,0,157.267,3100.211
1831,0.023,0.35232756,39.226597,0.32652206,1.5871128,1587.1128,285.68212,50.736582,4.1369156,2.1739855,16.106382,1.5952145,0.010459517,0,0,0,0,0,0,0,0,0,0,0,0,0,0,0,0,0,0,0,0,0,0,0,0,0,157.267,3100.211
1832,0.023,0.35766585,39.996609,0.33150065,1.6207633,1620.7633,290.61656,51.611591,4.2056046,2.2164284,16.391724,1.6011425,0.010454239,0,0,0,0,0,0,0,0,0,0,0,0,0,0,0,0,0,0,0,0,0,0,0,0,0,157.267,3100.211
1833,0.024,0.36300415,40.777271,0.33648114,1.6549962,1654.9962,295.58773,52.493043,4.2746578,2.2594475,16.679571,1.6101385,0.01044892,0,0,0,0,0,0,0,0,0,0,0,0,0,0,0,0,0,0,0,0,0,0,0,0,0,157.267,3100.211
1834,0.024,0.36834245,41.568914,0.34146358,1.6898292,1689.8292,300.59678,53.381137,4.3440866,2.3030607,16.97,1.6161259,0.010443556,0,0,0,0,0,0,0,0,0,0,0,0,0,0,0,0,0,0,0,0,0,0,0,0,0,157.267,3100.211
1835,0.025,0.37368074,42.371876,0.34644803,1.7252812,1725.2812,305.64487,54.27608,4.4139026,2.3472862,17.26309,1.6251959,0.010438147,0,0,0,0,0,0,0,0,0,0,0,0,0,0,0,0,0,0,0,0,0,0,0,0,0,157.267,3100.211
1836,0.029,0.37901904,43.186509,0.35143456,1.7613711,1761.3711,310.73322,55.178082,4.4841177,2.3921432,17.558925,1.64344,0.010432691,0,0,0,0,0,0,0,0,0,0,0,0,0,0,0,0,0,0,0,0,0,0,0,0,0,157.267,3100.211
1837,0.029,0.38435733,44.013173,0.35642324,1.7981187,1798.1187,315.86307,56.087363,4.5547443,2.437651,17.857588,1.6495713,0.010427186,0,0,0,0,0,0,0,0,0,0,0,0,0,0,0,0,0,0,0,0,0,0,0,0,0,157.267,3100.211
1838,0.03,0.38969563,44.85224,0.36141413,1.8355443,1835.5443,321.03569,57.004147,4.6257951,2.4838298,18.159168,1.6588072,0.010421632,0,0,0,0,0,0,0,0,0,0,0,0,0,0,0,0,0,0,0,0,0,0,0,0,0,157.267,3100.211
1839,0.031,0.39503393,45.704093,0.36640729,1.873669,1873.669,326.25242,57.928667,4.6972833,2.5307004,18.463755,1.6681131,0.010416028,0,0,0,0,0,0,0,0,0,0,0,0,0,0,0,0,0,0,0,0,0,0,0,0,0,157.267,3100.211
1840,0.032999999,0.40037222,46.569129,0.3714028,1.9125143,1912.5143,331.51462,58.861161,4.7692224,2.5782841,18.771441,1.6805382,0.010410369,0,0,0,0,0,0,0,0,0,0,0,0,0,0,0,0,0,0,0,0,0,0,0,0,0,157.267,3100.211
1841,0.033999999,0.40571052,47.447755,0.37640073,1.9521025,1952.1025,336.82369,59.801876,4.8416262,2.6266031,19.082323,1.6900059,0.010404655,0,0,0,0,0,0,0,0,0,0,0,0,0,0,0,0,0,0,0,0,0,0,0,0,0,157.267,3100.211
1842,0.035999999,0.41104882,48.34039,0.38140115,1.9924567,1992.4567,342.18109,60.751067,4.9145093,2.67568,19.396499,1.7026076,0.010398886,0,0,0,0,0,0,0,0,0,0,0,0,0,0,0,0,0,0,0,0,0,0,0,0,0,157.267,3100.211
1843,0.036999999,0.41638711,49.247469,0.38640415,2.0336004,2033.6004,347.5883,61.708996,4.9878863,2.7255383,19.714071,1.7122664,0.010393057,0,0,0,0,0,0,0,0,0,0,0,0,0,0,0,0,0,0,0,0,0,0,0,0,0,157.267,3100.211
1844,0.038999999,0.42172541,50.169439,0.3914098,2.0755581,2075.5581,353.04688,62.675932,5.0617727,2.7762021,20.035144,1.7250737,0.01038717,0,0,0,0,0,0,0,0,0,0,0,0,0,0,0,0,0,0,0,0,0,0,0,0,0,157.267,3100.211
1845,0.042999999,0.42706371,51.106759,0.39641818,2.118355,2118.355,358.5584,63.652156,5.1361841,2.8276964,20.359827,1.744079,0.01038122,0,0,0,0,0,0,0,0,0,0,0,0,0,0,0,0,0,0,0,0,0,0,0,0,0,157.267,3100.211
1846,0.042999999,0.432402,52.059904,0.40142938,2.1620171,2162.0171,364.1245,64.637952,5.2111367,2.8800469,20.688231,1.7510373,0.010375207,0,0,0,0,0,0,0,0,0,0,0,0,0,0,0,0,0,0,0,0,0,0,0,0,0,157.267,3100.211
1847,0.045999999,0.4377403,53.029365,0.40644349,2.206571,2206.571,369.74689,65.633619,5.2866474,2.9332801,21.020471,1.7672503,0.010369128,0,0,0,0,0,0,0,0,0,0,0,0,0,0,0,0,0,0,0,0,0,0,0,0,0,157.267,3100.211
1848,0.046999999,0.44307859,54.015644,0.41146059,2.2520444,2252.0444,375.42728,66.639461,5.3627334,2.9874231,21.356666,1.7775149,0.010362983,0,0,0,0,0,0,0,0,0,0,0,0,0,0,0,0,0,0,0,0,0,0,0,0,0,157.267,3100.211
1849,0.049999999,0.44841689,55.019264,0.41648078,2.2984658,2298.4658,381.16749,67.655792,5.4394124,3.0425043,21.696939,1.7940068,0.010356769,0,0,0,0,0,0,0,0,0,0,0,0,0,0,0,0,0,0,0,0,0,0,0,0,0,157.267,3100.211
1850,0.053999999,0.45375519,56.040759,0.42150415,2.3458644,2345.8644,386.96935,68.682938,5.5167028,3.0985525,22.041414,1.8136911,0.010350482,0,0,0,0,0,0,0,0,0,0,0,0,0,0,0,0,1.395,0,0,0,0,0,0,0,0,157.267,3100.211
1851,0.053999999,0.44678569,56.46132,0.42740096,2.401282,2401.282,387.46072,68.727765,5.5423239,3.1187417,22.105064,1.8469194,0.010350913,0,0,0,0,0,0,0,0,0,0,0,0,0,0,0,0,1.447,0,0,0,0,0,0,0,0,157.267,3100.211
1852,0.056999999,0.49862282,56.88188,0.46466062,2.4566996,2456.6996,387.95209,68.772592,5.5679451,3.1389309,22.168714,1.9946876,0.010351344,0,0,0,0,0,0,0,0,0,0,0,0,0,0,0,0,1.502,0,0,0,0,0,0,0,0,157.267,3100.211
1853,0.058999999,0.49735449,57.302441,0.46477417,2.5121172,2512.1172,388.44346,68.817418,5.5935662,3.15912,22.232363,2.0008114,0.010351774,0,0,0,0,0,0,0,0,0,0,0,0,0,0,0,0,1.554,0,0,0,0,0,0,0,0,157.267,3100.211
1854,0.068999999,0.49581708,57.723001,0.46443647,2.5675348,2567.5348,388.93483,68.862245,5.6191873,3.1793092,22.296013,2.0303036,0.010352205,0,0,0,0,0,0,0,0,0,0,0,0,0,0,0,0,1.607,0,0,0,0,0,0,0,0,157.267,3100.211
1855,0.070999999,0.49367925,58.143562,0.46327909,2.6229524,2622.9524,389.42621,68.907072,5.6448084,3.1994983,22.359663,2.0325148,0.010352638,0,0,0,0,0,0,0,0,0,0,0,0,0,0,0,0,1.657,0,0,0,0,0,0,0,0,157.267,3100.211
1856,0.075999999,0.49893488,58.564122,0.46729312,2.6783701,2678.3701,389.91758,68.951899,5.6704295,3.2196875,22.423312,2.0617637,0.01035307,0,0,0,0,0,0,0,0,0,0,0,0,0,0,0,0,1.712,0,0,0,0,0,0,0,0,157.267,3100.211
1857,0.076999999,0.504232,58.984683,0.47126447,2.7337877,2733.7877,390.40895,68.996726,5.6960507,3.2398767,22.486962,2.078453,0.0103535,0,0,0,0,0,0,0,0,0,0,0,0,0,0,0,0,1.765,0,0,0,0,0,0,0,0,157.267,3100.211
1858,0.077999999,0.50923298,59.405243,0.47503119,2.7892053,2789.2053,390.90032,69.041553,5.7216718,3.2600658,22.550611,2.0943024,0.010353931,0,0,0,0,0,0,0,0,0,0,0,0,0,0,0,0,1.815,0,0,0,0,0,0,0,0,157.267,3100.211
1859,0.082999999,0.51425389,59.825804,0.47876627,2.8446229,2844.6229,391.39169,69.08638,5.7472929,3.280255,22.614261,2.122971,0.010354362,0,0,0,0,0,0,0,0,0,0,0,0,0,0,0,0,1.87,0,0,0,0,0,0,0,0,157.267,3100.211
1860,0.090999999,0.51896689,60.246364,0.48257672,2.9000405,2900.0405,391.88307,69.131206,5.772914,3.3004441,22.677911,2.1619782,0.010354793,0,0,0,0,0,0,0,0,0,0,0,0,0,0,0,0,1.923,0,0,0,0,0,0,0,0,157.267,3100.211
1861,0.094999998,0.5282236,59.614468,0.50499476,2.9926781,2992.6781,392.8961,69.269044,5.8128366,3.3244138,22.734528,2.2735927,0.01035496,0,0,0,0,0,0,0,0,0,0,0,0,0,0,0,0,1.973,0,0,0,0,0,0,0,0,157.267,3100.211
1862,0.096999998,0.47371663,58.982573,0.47111281,3.0853157,3085.3157,393.90914,69.406881,5.8527592,3.3483835,22.791144,2.1558166,0.010355129,0,0,0,0,0,0,0,0,0,0,0,0,0,0,0,0,2.028,0,0,0,0,0,0,0,0,157.267,3100.211
1863,0.104,0.47374912,58.350677,0.47444935,3.1779532,3177.9532,394.92218,69.544719,5.8926817,3.3723532,22.847761,2.192329,0.010355298,0,0,0,0,0,0,0,0,0,0,0,0,0,0,0,0,2.081,0,0,0,0,0,0,0,0,157.267,3100.211
1864,0.112,0.47413825,57.718781,0.47785801,3.2705908,3270.5908,395.93522,69.682556,5.9326043,3.3963229,22.904378,2.2299438,0.010355467,0,0,0,0,0,0,0,0,0,0,0,0,0,0,0,0,2.134,0,0,0,0,0,0,0,0,157.267,3100.211
1865,0.119,0.47479536,57.086885,0.48144966,3.3632284,3363.2284,396.94826,69.820393,5.9725268,3.4202926,22.960995,2.2655309,0.010355635,0,0,0,0,0,0,0,0,0,0,0,0,0,0,0,0,2.184,0,0,0,0,0,0,0,0,157.267,3100.211
1866,0.122,0.47491218,56.45499,0.48420454,3.455866,3455.866,397.9613,69.958231,6.0124494,3.4442623,23.017612,2.2871958,0.010355804,0,0,0,0,0,0,0,0,0,0,0,0,0,0,0,0,2.239,0,0,0,0,0,0,0,0,157.267,3100.211
1867,0.13022269,0.47338353,55.823094,0.48472337,3.5485035,3548.5035,398.97434,70.096068,6.052372,3.4682319,23.074229,2.3187563,0.010355975,0,0,0,0,0,0,0,0,0,0,0,0,0,0,0,0,2.291,0,0,0,0,0,0,0,0,157.267,3100.211
1868,0.13525196,0.47198274,55.191198,0.48595323,3.6411411,3641.1411,399.98738,70.233905,6.0922945,3.4922016,23.130846,2.3371841,0.010356145,0,0,0,0,0,0,0,0,0,0,0,0,0,0,0,0,2.341,0,0,0,0,0,0,0,0,157.267,3100.211
1869,0.14228123,0.47048522,54.559303,0.48686155,3.7337787,3733.7787,401.00042,70.371743,6.1322171,3.5161713,23.187463,2.3628056,0.010356316,0,0,0,0,0,0,0,0,0,0,0,0,0,0,0,0,2.386,0,0,0,0,0,0,0,0,157.267,3100.211
1870,0.14731051,0.46933399,53.927407,0.48774355,3.8264163,3826.4163,402.01346,70.50958,6.1721397,3.540141,23.244079,2.3824052,0.010356485,0,0,0,0,0,0,0,0,0,0,0,0,0,0,0,0,2.452,0,0,0,0,0,0,0,0,157.267,3100.211
1871,0.15633978,0.48732546,56.683869,0.58501628,3.9931681,3993.1681,403.03248,70.653331,6.217166,3.562453,23.283844,2.8606677,0.010356891,0,0,0,0,0,0,0,0,0,0,0,0,0,0,0,0,2.505,0,0,0,0,0,0,0,0,157.267,3100.211
1872,0.17336905,0.56696435,59.440331,0.66673981,4.1599199,4159.9199,404.0515,70.797082,6.2621924,3.5847651,23.323608,3.2401697,0.010357297,0,0,0,0,0,0,0,0,0,0,0,0,0,0,0,0,2.557,0,0,0,0,0,0,0,0,157.267,3100.211
1873,0.18439832,0.57690133,62.196793,0.69637076,4.3266717,4326.6717,405.07052,70.940834,6.3072188,3.6070771,23.363373,3.4033641,0.010357705,0,0,0,0,0,0,0,0,0,0,0,0,0,0,0,0,2.61,0,0,0,0,0,0,0,0,157.267,3100.211
1874,0.1744276,0.58328394,64.953255,0.7087503,4.4934235,4493.4235,406.08954,71.084585,6.3522452,3.6293891,23.403138,3.4271557,0.010358112,0,0,0,0,0,0,0,0,0,0,0,0,0,0,0,0,2.663,0,0,0,0,0,0,0,0,157.267,3100.211
1875,0.18845687,0.5899696,67.709717,0.72034342,4.6601753,4660.1753,407.10856,71.228336,6.3972715,3.6517012,23.442902,3.5173084,0.010358519,0,0,0,0,0,0,0,0,0,0,0,0,0,0,0,0,2.85,0,0,0,0,0,0,0,0,157.267,3100.211
1876,0.19148614,0.59639187,70.46618,0.74524338,4.8269271,4826.9271,408.12758,71.372087,6.4422979,3.6740132,23.482667,3.6375503,0.010358927,0,0,0,0,0,0,0,0,0,0,0,0,0,0,0,0,2.989,0,0,0,0,0,0,0,0,157.267,3100.211
1877,0.19451541,0.60262312,73.222642,0.75633197,4.9936789,4993.6789,409.1466,71.515838,6.4873243,3.6963253,23.522431,3.6958465,0.010359338,0,0,0,0,0,0,0,0,0,0,0,0,0,0,0,0,3.13,0,0,0,0,0,0,0,0,157.267,3100.211
1878,0.196,0.6090507,75.979104,0.7660459,5.1604307,5160.4307,410.16562,71.659589,6.5323507,3.7186373,23.562196,3.7456526,0.010359748,0,0,0,0,0,0,0,0,0,0,0,0,0,0,0,0,3.275,0,0,0,0,0,0,0,0,157.267,3100.211
1879,0.21,0.61534752,78.735566,0.77491118,5.3271825,5327.1825,411.18464,71.80334,6.577377,3.7409493,23.60196,3.8304098,0.01036016,0,0,0,0,0,0,0,0,0,0,0,0,0,0,0,0,3.396,0,0,0,0,0,0,0,0,157.267,3100.211
1880,0.236,0.62124317,81.492028,0.78412129,5.4939343,5493.9343,412.20366,71.947091,6.6224034,3.7632614,23.641725,3.9520183,0.010360569,0,0,0,0,0,0,0,0,0,0,0,0,0,0,0,0,3.573,0,0,0,0,0,0,0,0,157.267,3100.211
1881,0.243,0.64887292,84.359461,0.81157848,5.7623214,5762.3214,413.25581,72.099835,6.6759474,3.7925706,23.675442,4.071307,0.010361286,0,0,0,0,0,0,0,0,0,0,0,0,0,0,0,0,3.726,0,0,0,0,0,0,0,0,157.267,3100.211
1882,0.256,0.60466403,87.226893,0.78526034,6.0307085,6030.7085,414.30795,72.252579,6.7294913,3.8218798,23.709158,4.0198711,0.010362003,0,0,0,0,0,0,0,0,0,0,0,0,0,0,0,0,3.883,0,0,0,0,0,0,0,0,157.267,3100.211
1883,0.272,0.60851762,90.094326,0.79255607,6.2990955,6299.0955,415.3601,72.405323,6.7830353,3.851189,23.742875,4.0985326,0.01036272,0,0,0,0,0,0,0,0,0,0,0,0,0,0,0,0,4.043,0,0,0,0,0,0,0,0,157.267,3100.211
1884,0.275,0.61212775,92.961758,0.7987505,6.5674826,6567.4826,416.41225,72.558067,6.8365793,3.8804982,23.776592,4.1333435,0.010363441,0,0,0,0,0,0,0,0,0,0,0,0,0,0,0,0,4.233,0,0,0,0,0,0,0,0,157.267,3100.211
1885,0.27699999,0.61523611,95.829191,0.80453383,6.8358696,6835.8696,417.46439,72.710811,6.8901232,3.9098074,23.810309,4.1646148,0.010364164,0,0,0,0,0,0,0,0,0,0,0,0,0,0,0,0,4.427,0,0,0,0,0,0,0,0,157.267,3100.211
1886,0.28099999,0.61714413,98.696624,0.82619361,7.1042567,7104.2567,418.51654,72.863555,6.9436672,3.9391166,23.844026,4.2758916,0.010364884,0,0,0,0,0,0,0,0,0,0,0,0,0,0,0,0,4.625,0,0,0,0,0,0,0,0,157.267,3100.211
1887,0.295,0.61616314,101.56406,0.83219647,7.3726438,7372.6438,419.56869,73.016299,6.9972112,3.9684258,23.877742,4.353178,0.010365604,0,0,0,0,0,0,0,0,0,0,0,0,0,0,0,0,4.827,0,0,0,0,0,0,0,0,157.267,3100.211
1888,0.32699999,0.61473356,104.43149,0.83705812,7.6410308,7641.0308,420.62083,73.169043,7.0507551,3.997735,23.911459,4.4748698,0.010366324,0,0,0,0,0,0,0,0,0,0,0,0,0,0,0,0,5.033,0,0,0,0,0,0,0,0,157.267,3100.211
1889,0.32699999,0.6132002,107.29892,0.84143987,7.9094179,7909.4179,421.67298,73.321787,7.1042991,4.0270443,23.945176,4.498422,0.010367045,0,0,0,0,0,0,0,0,0,0,0,0,0,0,0,0,5.27,0,0,0,0,0,0,0,0,157.267,3100.211
1890,0.35599999,0.61175412,110.16635,0.84552548,8.1778049,8177.8049,422.72513,73.474531,7.1578431,4.0563535,23.978893,4.6037011,0.010367767,0,0,0,0,0,0,0,0,0,0,0,0,0,0,0,0,5.485,0,0,0,0,0,0,0,0,157.267,3100.211
1891,0.37199999,0.61024855,111.52362,0.85098169,8.5673728,8567.3728,424.29312,73.700338,7.2358632,4.0882845,24.011375,4.6830725,0.010368724,0,0,0,0,0,0,0,0,0,0,0,0,0,0,0,0,5.731,0,0,0,0,0,0,0,0,157.267,3100.211
1892,0.37399999,0.62319119,112.88089,0.85741997,8.9569407,8956.9407,425.86111,73.926145,7.3138833,4.1202154,24.043857,4.7551637,0.01036968,0,0,0,0,0,0,0,0,0,0,0,0,0,0,0,0,6.01,0,0,0,0,0,0,0,0,157.267,3100.211
1893,0.36999999,0.62440331,114.23816,0.86475824,9.3465086,9346.5086,427.42911,74.151953,7.3919035,4.1521464,24.076339,4.8217408,0.010370641,0,0,0,0,0,0,0,0,0,0,0,0,0,0,0,0,6.267,0,0,0,0,0,0,0,0,157.267,3100.211
1894,0.38299999,0.64036719,115.59543,0.87294487,9.7360765,9736.0765,428.9971,74.37776,7.4699236,4.1840774,24.108821,4.8845702,0.010371602,0,0,0,0,0,0,0,0,0,0,0,0,0,0,0,0,6.529,0,0,0,0,0,0,0,0,157.267,3100.211
1895,0.40599999,0.64441851,116.9527,0.88188195,10.125644,10125.644,430.56509,74.603567,7.5479437,4.2160084,24.141303,4.9454181,0.01037256,0,0,0,0,0,0,0,0,0,0,0,0,0,0,0,0,6.824,0,0,0,0,0,0,0,0,157.267,3100.211
1896,0.41899999,0.6462784,118.30997,0.89141802,10.515212,10515.212,432.13309,74.829374,7.6259638,4.2479394,24.173785,5.0060509,0.010373516,0,0,0,0,0,0,0,0,0,0,0,0,0,0,0,0,7.151,0,0,0,0,0,0,0,0,157.267,3100.211
1897,0.43999999,0.64956412,119.66724,0.90140157,10.90478,10904.78,433.70108,75.055181,7.703984,4.2798704,24.206267,5.0682347,0.010374477,0,0,0,0,0,0,0,0,0,0,0,0,0,0,0,0,7.432,0,0,0,0,0,0,0,0,157.267,3100.211
1898,0.46499999,0.65100098,121.02451,0.91168111,11.294348,11294.348,435.26907,75.280989,7.7820041,4.3118014,24.238749,5.1337359,0.010375435,0,0,0,0,0,0,0,0,0,0,0,0,0,0,0,0,7.798,0,0,0,0,0,0,0,0,157.267,3100.211
1899,0.50699999,0.65220446,122.38178,0.92210515,11.683916,11683.916,436.83707,75.506796,7.8600242,4.3437324,24.271232,5.2043208,0.010376393,0.95911885,0,0,0,0,0,0,0,0,0,0,0,0,0,0,0,8.119,0,0,0,0,0,0,0,0,157.267,3100.211
1900,0.53399999,0.65320628,123.73905,0.9325222,12.073484,12073.484,438.40506,75.732603,7.9380443,4.3756633,24.303714,5.2817555,0.010377345,0.050575847,0,0,0,0,0,0,0,0,0,0,0,0,0,0,0,8.473,0,0,0,0,0,0,0,0,157.267,3100.211
1901,0.55199999,0.70294318,124.8415,0.9446669,12.62988,12629.88,439.89156,75.920477,8.0441379,4.4173849,24.336515,5.3685634,0.010379723,0.053237732,0,0,0,0,0,0,0,0,0,0,0,0,0,0,0,8.592,0,0,0,0,0,0,0,0,157.267,3100.211
1902,0.56599999,0.70297364,125.94396,0.95993065,13.186275,13186.275,441.37806,76.108351,8.1502315,4.4591064,24.369316,5.4646652,0.0103821,0.056039719,0,0,0,0,0,0,0,0,0,0,0,0,0,0,0,8.762,0,0,0,0,0,0,0,0,157.267,3100.211
1903,0.61699999,0.72667096,127.04642,0.97764708,13.742671,13742.671,442.86456,76.296224,8.2563251,4.500828,24.402117,5.5679233,0.010384475,0.058989177,0,0,0,0,0,0,0,0,0,0,0,0,0,0,0,8.906,0,0,0,0,0,0,0,0,157.267,3100.211
1904,0.62399999,0.74829324,128.14887,0.99722904,14.299067,14299.067,444.35106,76.484098,8.3624187,4.5425495,24.434918,5.6762002,0.01038685,0.062093873,0,0,0,0,0,0,0,0,0,0,0,0,0,0,0,9.102,0,0,0,0,0,0,0,0,157.267,3100.211
1905,0.66299999,0.76981521,129.25133,1.0181293,14.855463,14855.463,445.83756,76.671972,8.4685123,4.5842711,24.467719,5.7873584,0.010389227,0.065361969,0,0,0,0,0,0,0,0,0,0,0,0,0,0,0,9.623,0,0,0,0,0,0,0,0,157.267,3100.211
1906,0.70699999,0.79653384,130.35378,1.0397413,15.411858,15411.858,447.32406,76.859846,8.5746059,4.6259926,24.50052,5.8992603,0.010391604,0.068802075,0,0,0,0,0,0,0,0,0,0,0,0,0,0,0,12.093,0,0,0,0,0,0,0,0,157.267,3100.211
1907,0.78399999,0.80376274,131.45624,1.0614586,15.968254,15968.254,448.81056,77.04772,8.6806995,4.6677142,24.533321,6.0097685,0.010393983,0.072423235,0,0,0,0,0,0,0,0,0,0,0,0,0,0,0,12.363,0,0,0,0,0,0,0,0,157.267,3100.211
1908,0.74999999,0.81141278,132.5587,1.0826746,16.52465,16524.65,450.29706,77.235593,8.7867931,4.7094357,24.566122,6.1167454,0.010396358,0.076234986,0,0,0,0,0,0,0,0,0,0,0,0,0,0,0,12.633,0,0,0,0,0,0,0,0,157.267,3100.211
1909,0.78499999,0.81737807,133.66115,1.1027829,17.081045,17081.045,451.78356,77.423467,8.8928867,4.7511573,24.598923,6.2180534,0.010398735,0.080247352,0,0,0,0,0,0,0,0,0,0,0,0,0,0,0,12.903,0,0,0,0,0,0,0,0,157.267,3100.211
1910,0.81899999,0.82198169,134.76361,1.121177,17.637441,17637.441,453.27006,77.611341,8.9989803,4.7928788,24.631724,6.3115552,0.010401115,0.084470898,0,0,0,0,0,0,0,0,0,0,0,0,0,0,0,13.146,0,0,0,0,0,0,0,0,157.267,3100.211
1911,0.83599999,0.77889405,135.96943,1.1389722,17.821423,17821.423,451.75965,77.272725,9.0569588,4.7949516,24.427454,6.3975596,0.010406394,0.088916733,0,0,0,0,0,0,0,0,0,0,0,0,0,0,0,14.007,0,0,0,0,0,0,0,0,157.267,3100.211
1912,0.87899999,0.74784844,137.17525,1.1575596,18.005405,18005.405,450.24925,76.934109,9.1149373,4.7970244,24.223184,6.4786614,0.010411672,0.093596563,0,0,0,0,0,0,0,0,0,0,0,0,0,0,0,19.895,0,0,0,0,0,0,0,0,157.267,3100.211
1913,0.94299999,0.72297977,138.38107,1.1767464,18.189388,18189.388,448.73884,76.595492,9.1729159,4.7990972,24.018914,6.5561518,0.010416951,0.098522697,0,0,0,0,0,0,0,0,0,0,0,0,0,0,0,19.025,0,0,0,0,0,0,0,0,157.267,3100.211
1914,0.84999999,0.71479152,139.5869,1.1962611,18.37337,18373.37,447.22844,76.256876,9.2308944,4.80117,23.814645,6.6313219,0.010422233,0.1037081,0,0,0,0,0,0,0,0,0,0,0,0,0,0,0,11.082,0,0,0,0,0,0,0,0,157.267,3100.211
1915,0.83799999,0.70574964,140.79272,1.2158443,18.557352,18557.352,445.71803,75.91826,9.288873,4.8032428,23.610375,6.7054629,0.010427518,0.10916642,0,0,0,0,0,0,0,0,0,0,0,0,0,0,0,11.216,0,0,0,0,0,0,0,0,157.267,3100.211
1916,0.90099999,0.70811648,141.99854,1.2353217,18.741334,18741.334,444.20762,75.579644,9.3468515,4.8053156,23.406105,6.7798659,0.010432805,0.11491202,0,0,0,0,0,0,0,0,0,0,0,0,0,0,0,18.614,0,0,0,0,0,0,0,0,157.267,3100.211
1917,0.95499999,0.7111963,143.20436,1.254519,18.925316,18925.316,442.69722,75.241028,9.4048301,4.8073885,23.201836,6.8558222,0.010438096,0.12096002,0,0,0,0,0,0,0,0,0,0,0,0,0,0,0,22.143,0,0,0,0,0,0,0,0,157.267,3100.211
1918,0.93599999,0.71430427,144.41019,1.2732618,19.109298,19109.298,441.18681,74.902412,9.4628086,4.8094613,22.997566,6.9346228,0.010443388,0.12732636,0,0,0,0,0,0,0,0,0,0,0,0,0,0,0,22.696,0,0,0,0,0,0,0,0,157.267,3100.211
1919,0.80599999,0.71965435,145.61601,1.2913759,19.29328,19293.28,439.67641,74.563795,9.5207871,4.8115341,22.793296,7.0175589,0.010448682,0.13402771,0,0,0,0,0,0,0,0,0,0,0,0,0,0,0,23.196,0,0,0,0,0,0,0,0,157.267,3100.211
1920,0.93199999,0.72128338,146.82183,1.3086869,19.477262,19477.262,438.166,74.225179,9.5787657,4.8136069,22.589027,7.1059216,0.010453982,0.14108183,0,0,0,0,0,0,0,0,0,0,0,0,0,0,0,23.802,0,0,0,0,0,0,0,0,157.267,3100.211
1921,0.80299999,0.75741661,147.86155,1.3257924,19.863884,19863.884,440.99557,74.68028,9.6457029,4.7987143,22.605247,7.20195,0.0104523,0.14850719,0,0,0,0,0,0,0,0,0,0,0,0,0,0,0,24.304,0,0,0,0,0,0,0,0,157.267,3100.211
1922,0.84499999,0.7479409,148.90128,1.343275,20.250505,20250.505,443.82514,75.13538,9.7126402,4.7838218,22.621467,7.3058291,0.98417991,0.15632334,0,0,0,0,0,0,0,0,0,0,0,0,0,0,0,24.563,0,0,0,0,0,0,0,0,157.267,3100.211
1923,0.96999999,0.75328819,149.941,1.3609385,20.637127,20637.127,446.65471,75.59048,9.7795774,4.7689293,22.637688,7.415769,1.1648849,0.16455089,0,0,0,0,0,0,0,0,0,0,0,0,0,0,0,25.35,0,0,0,0,0,0,0,0,157.267,3100.211
1924,0.96299999,0.75686059,150.98072,1.3796194,21.023748,21023.748,449.48427,76.045581,9.8465147,4.7540367,22.653908,7.5299799,1.2256653,0.17321146,0,0,0,0,0,0,0,0,0,0,0,0,0,0,0,25.878,0,0,0,0,0,0,0,0,157.267,3100.211
1925,0.97499999,0.75808855,152.02045,1.3998974,21.41037,21410.37,452.31384,76.500681,9.9134519,4.7391442,22.670128,7.6466719,1.2896434,0.18232786,0,0,0,0,0,0,0,0,0,0,0,0,0,0,0,28.827,0,0,0,0,0,0,0,0,157.267,3100.211
1926,0.98299999,0.76148327,153.06017,1.4211909,21.796991,21796.991,455.14341,76.955782,9.9803892,4.7242517,22.686349,7.7640552,1.3569897,0.19192405,0,0,0,0,0,0,0,0,0,0,0,0,0,0,0,29.446,0,0,0,0,0,0,0,0,157.267,3100.211
1927,1.062,0.79718283,154.09989,1.4429184,22.183613,22183.613,457.97298,77.410882,10.047326,4.7093591,22.702569,7.8803399,1.4278827,0.20202532,0,0,0,0,0,0,0,0,0,0,0,0,0,0,0,30.065,0,0,0,0,0,0,0,0,157.267,3100.211
1928,1.065,0.79967141,155.13962,1.4644982,22.570234,22570.234,460.80254,77.865982,10.114264,4.6944666,22.718789,7.9937361,1.5025036,0.21265824,0,0,0,0,0,0,0,0,0,0,0,0,0,0,0,30.685,0,0,0,0,0,0,0,0,157.267,3100.211
1929,1.145,0.82422601,156.17934,1.4853488,22.956856,22956.856,463.63211,78.321083,10.181201,4.6795741,22.73501,8.102454,1.5810544,0.22385079,0,0,0,0,0,0,0,0,0,0,0,0,0,0,0,31.573,0,0,0,0,0,0,0,0,157.267,3100.211
1930,1.053,0.89587975,157.21906,1.5048887,23.343477,23343.477,466.46168,78.776183,10.248138,4.6646815,22.75123,8.2047038,1.6637375,0.23563239,0,0.74681988,0,0,0,0,0,0,0,0,0,0,0,0,0,31.933,0,0,0,0,0,0,0,0,157.267,3100.211
1931,0.93999999,0.90334082,158.34545,1.5226236,23.754956,23754.956,468.03074,78.909446,10.302469,4.6670964,22.748587,8.298548,1.7507764,0.24803412,0,0.067690547,0,0,0,0,0,0,0,0,0,0.097,0,0,0,32.553,0,0,0,0,0,0,0,0,157.267,3100.211
1932,0.84699999,0.81222597,159.47183,1.5385172,24.166434,24166.434,469.5998,79.042709,10.356801,4.6695113,22.745943,8.3849848,1.8423953,0.26108852,0,0.073576745,0,0,0,0,0,0,0,0,0,0.097,0,0,0,33.979,0,0,0,0,0,0,0,0,157.267,3100.211
1933,0.89299999,0.80858849,160.59821,1.5526746,24.577913,24577.913,471.16886,79.175973,10.411132,4.6719262,22.7433,8.4666283,1.9388369,0.27483004,0,0.079974791,0,0,0,0,0,0,0,0,0,0.097,0,0,0,41.893,0,0,0,0,0,0,0,0,157.267,3100.211
1934,0.97299999,0.79686256,161.7246,1.5653127,24.989392,24989.392,472.73791,79.309236,10.465463,4.674341,22.740656,8.5460922,2.0403528,0.28929476,0,0.086929197,0,0,0,0,0,0,0,0,0,0.194,0,0.117,0,42.817,0,0,0,0,0,0,0,0,157.267,3100.211
1935,1.027,0.79471575,162.85098,1.5771213,25.40087,25400.87,474.30697,79.442499,10.519794,4.6767559,22.738013,8.6259906,2.1472124,0.30452082,0,0.09448834,0,0,0,0,0,0,0,0,0,0.291,0,0.117,0,43.74,0,0,0,0,0,0,0,0,157.267,3100.211
1936,1.13,0.80129993,163.97736,1.5889151,25.812349,25812.349,475.87603,79.575762,10.574125,4.6791708,22.735369,8.7089373,2.2596977,0.32054821,0,0.10270482,0,0,0,0,0,0,0,0,0,0.485,0,0.117,0,44.664,0,0,0,0,0,0,0,0,157.267,3100.211
1937,1.209,0.77969902,165.10375,1.6015088,26.223828,26223.828,477.44509,79.709025,10.628457,4.6815857,22.732726,8.7975462,2.3781004,0.33741917,0,0.11163575,0,0,0,0,0,0,0,0,0,0.776,0,0.234,0,45.588,0,0,0,0,0,0,0,0,157.267,3100.211
1938,1.142,0.78188222,166.23013,1.615717,26.635306,26635.306,479.01415,79.842288,10.682788,4.6840005,22.730082,8.8944313,2.5027381,0.35517808,0,0.12134333,0,0,0,0,0,0,0,0,0.161,1.164,0,0.234,0,46.512,0,0.165,0,0,0,0,0,0,157.267,3100.211
1939,1.192,0.77944376,167.35651,1.6323545,27.046785,27046.785,480.58321,79.975552,10.737119,4.6864154,22.727439,9.0022064,2.6339328,0.37387169,0,0.13189502,0,0,0,0,0,0,0,0,0.161,1.649,0,0.351,0,47.436,0,0.33,0,0,0,0,0,0,157.267,3100.211
1940,1.299,0.76683237,168.4829,1.6522358,27.458263,27458.263,482.15227,80.108815,10.79145,4.6888303,22.724795,9.1234856,2.7720335,0.39354912,0,0.14336429,0,0,0,0,0,0,0,0,0.161,2.231,0,0.468,0,50.781,0,0.496,0,0,0,0,0,0,157.267,3100.211
1941,1.334,0.75036458,170.03046,1.7002044,27.840442,27840.442,488.55777,81.24331,11.123415,4.693243,22.68764,9.2653861,2.9174066,0.41426223,0,0.15583315,0,0,0,0,0,0,0,0,0.161,2.91,0,0.585,0,52.603,0,0.661,0,0,0,0,0,0,157.267,3100.211
1942,1.342,0.7690497,171.57803,1.7938613,28.22262,28222.62,494.96327,82.377805,11.45538,4.6976558,22.650484,9.4321173,3.0704314,0.39468287,0,0.16938647,0,0,0,0,0,0,0,0,0.161,3.589,0,0.819,0,53.918,0,0.826,0,0,0,0,0,0,157.267,3100.211
1943,1.391,0.7637656,173.12559,1.9231582,28.604799,28604.799,501.36878,83.5123,11.787344,4.7020686,22.613328,9.6219311,3.2315097,0.37832187,0,0.18411857,0,0,0,0,0,0,0,0,0.322,4.365,0,1.17,0,54.705,0,0.991,0,0,0,0,0,0,157.267,3100.211
1944,1.383,0.76839864,174.67315,2.0866797,28.986977,28986.977,507.77428,84.646796,12.119309,4.7064813,22.576173,9.8330792,3.4010636,0.3640764,0,0.20013198,0,0,0,0,0,0,0,0,0.322,5.917,0,1.521,0,55.75,0,1.157,0,0,0,0,0,0,157.267,3100.211
1945,1.16,0.76914739,176.22072,2.280402,29.369156,29369.156,514.17979,85.781291,12.451274,4.7108941,22.539017,10.063814,3.579544,0.35194679,0,0.21753811,0,0,0,0,0,0,0,0,0.483,7.76,1.868,3.861,0,56.796,0,1.322,0,0,0,0,0,0,157.267,3100.211
1946,1.238,0.84214892,177.76828,2.4903635,29.751334,29751.334,520.58529,86.915786,12.783238,4.7153069,22.501861,10.312386,3.7674167,0.34193311,0,0.23645812,0,0,0,0,0,0,0,0,0.966,13.483,4.203,6.318,0,59.187,0,1.487,0,0,0,0,0,0,157.267,3100.211
1947,1.392,0.87017994,179.31584,2.7026031,30.133513,30133.513,526.99079,88.050281,13.115203,4.7197196,22.464705,10.577048,3.9651774,0.33403572,0,0.25702368,0,0,0,0,0,0,0,0,2.093,20.661,5.137,6.903,0,67.278,0,1.652,0,0,0,0,0,0,157.267,3100.211
1948,1.469,0.87513044,180.86341,2.9031595,30.515691,30515.691,533.3963,89.184777,13.447168,4.7241324,22.42755,10.856052,4.1733472,0.32825472,0,0.27937786,0,0,0,0,0,0,0,0,3.703,24.056,6.071,7.254,0,68.369,0,1.817,0,0,0,0,0,0,157.267,3100.211
1949,1.419,0.88212641,182.41097,3.0780722,30.897869,30897.869,539.8018,90.319272,13.779132,4.7285452,22.390394,11.14765,4.3924702,0.32459037,0,0.30367628,0,0,0,0,0,0,0,0,6.118,25.802,6.538,7.722,0,74.34,0,1.983,0,0,0,0,0,0,157.267,3100.211
1950,1.63,0.89233465,183.95853,3.2133815,31.280048,31280.048,546.20731,91.453767,14.111097,4.7329579,22.353238,11.450093,4.62313,0.32304286,0,0.33008802,0,0,0,0,0,0,0,0.26190788,8.855,28.615,7.939,8.073,0,65,0,2.148,0,0,0,0,0,0,157.267,3100.211
1951,1.768,1.0885201,189.11003,3.3186021,32.866948,32866.948,558.44614,94.848353,14.528488,4.7733276,22.541288,11.784634,4.865916,0.32361242,0,0.35878218,0,0,0,0,0,0,0,0.26198971,8.158,33.854,1.889,7.102,0,65,0,2.313,0,0,0,0,0,0,157.267,3100.211
1952,1.796,1.1096378,194.26153,3.4111061,34.453849,34453.849,570.68497,98.242938,14.945879,4.8136973,22.729338,12.1691,5.121479,0.32629927,0,0.38997068,0,0,0,0,0,0,0,0.26207156,11.742,35.2,2.139,7.288,0,70,0,2.478,0,0,0,0,0,0,157.927,3117.785
1953,1.841,1.1045171,199.41303,3.4887221,36.040749,36040.749,582.9238,101.63752,15.36327,4.854067,22.917388,12.596604,5.3904959,0.3311036,0,0.42387036,0,0,0,0,0,0,0,0.26215339,15.985,39.582,2.437,7.43,0,75,0,2.644,0,0,0,0,0,0,158.604,3137.148
1954,1.865,1.1521416,204.56453,3.5543489,37.62765,37627.65,595.16263,105.03211,15.780661,4.8944367,23.105438,13.060259,5.6736692,0.33802563,0,0.4607169,0,0,0,0,0,0,0,0.26223522,19.855,44.802,2.785,7.431,0,80,1.214,2.809,0,0,0,0,0,0,159.3,3158.216
1955,2.043,1.1911855,209.71603,3.614111,39.21455,39214.55,607.40145,108.4267,16.198052,4.9348064,23.293487,13.553179,5.9717491,0.34706557,0,0.5007665,0,0,0,0,0,0,0,0.26231705,24.604,50.343,3.233,7.388,0,85,3.512,2.974,0,0,0,0,0,0,160.014,3180.749
1956,2.178,1.2446883,214.86753,3.6706801,40.801451,40801.451,619.64028,111.82128,16.615443,4.9751761,23.481537,14.068475,6.2855162,0.35822365,0,0.54429755,0,0,0,0,0,0,0,0.26239889,30.685,58.664,3.73,7.302,0,90,6.224,3.48,0,0,0,0,0,0,160.748,3204.498
1957,2.27,1.2718718,220.01902,3.7267318,42.388351,42388.351,631.87911,115.21587,17.032834,5.0155458,23.669587,14.599262,6.6157969,0.37150001,0,0.5916127,0,0,0,0,0,0,0,0.26248072,34.375,66.689,4.227,7.25,0,95,9.469,4.251,0,0,0,0,0,0,161.502,3229.071
1958,2.33,1.3195817,225.17052,3.7849451,43.975252,43975.252,644.11794,118.61045,17.450225,5.0559155,23.857637,15.138652,6.9634615,0.38689499,0,0.64304094,0,0,0,0,0,0,0,0.26256255,32.235,69.93,4.824,7.221,0,100,10.772,6.008,0,0,0,0,0,0,162.277,3254.039
1959,2.462,1.2035957,230.32202,3.8480013,45.562152,45562.152,656.35677,122.00504,17.867616,5.0962852,24.045686,15.679758,7.3294266,0.40440867,0,0.69893975,0,0,0,0,0,0,0,0.26264438,33.015,78.149,5.57,7.176,0,105,14.717,7.06,0,0,0,0,0,0,163.073,3278.967
1960,2.577,1.1922833,235.47352,3.9185827,47.149053,47149.053,668.5956,125.39962,18.285007,5.1366549,24.233736,16.215694,7.7146508,0.42404135,0,0.75969781,0,0,0,0,0,0,0,0.52463411,43.342,93.09,6.366,6.6,0,110,18.348,7.659,0,0,0,0,0,0,163.892,3303.389
1961,2.594,1.2443218,238.52217,4.0240052,48.77076,48770.76,682.67558,129.24133,18.959141,5.1795997,24.502237,16.759267,8.1201607,0.4457932,0,0.82576341,0,0,0,0,0,0,0,0.52479777,55.722,104.6,7.212,6.88,0,115,20.077,9.426,0,0,0,0,0,0,164.735,3326.864
1962,2.7,1.2355717,241.57083,4.1836477,50.392468,50392.468,696.75555,133.08303,19.633274,5.2225445,24.770737,17.326046,8.5470132,0.46966444,0,0.8975743,0,0,0,0,0,0,0,0.78686933,69.881,120.668,8.248,7.168,0,119,28.22,11.573,0,0,0,0,0,0,165.601,3349.069
1963,2.848,1.2442947,244.61948,4.3883117,52.014176,52014.176,710.83553,136.92473,20.307407,5.2654893,25.039238,17.913289,14.984956,0.49565531,0,0.97563006,0,0,0,0,0,0,0,0.52520694,85.539,141.744,9.476,7.421,0,123,31.46,14.396,0,0,0.005,0.001,0.001,0.007,166.493,3369.713
1964,3.008,1.2515879,247.66813,4.6374693,53.635884,53635.884,724.91551,140.76643,20.981541,5.3084341,25.307738,18.518251,13.488099,0.52376596,0,1.0604738,0,0,0,0,0,0,0,0.52537061,101.538,164.921,10.853,7.692,0.225,127,36.197,16.782,0,0,0.014,0.002,0.003,0.014,167.41,3388.628
1965,3.145,1.2642558,250.71679,4.8968181,55.257592,55257.592,738.99548,144.60813,21.655674,5.3513789,25.576239,19.138189,13.488369,0.55399667,0,1.1526958,0,0,0,0,0,0,0,0.52553427,115.75,185.933,12.426,7.975,0.444,127,48.096,20.514,0,0,0.032,0.005,0.005,0.028,168.355,3405.698
1966,3.305,1.2936968,253.76544,5.195583,56.8793,56879.3,753.07546,148.44984,22.329807,5.3943237,25.844739,19.770361,13.488639,0.58634761,0,1.2529377,0,0,0,0,0,0,0,0.52569795,129.623,208.571,14.246,8.305,0.633,127,69.567,24.512,0,0,0.058,0.008,0.008,0.048,169.328,3420.923
1967,3.411,1.2976254,256.81409,5.457478,58.501008,58501.008,767.15544,152.29154,23.003941,5.4372685,26.11324,20.412021,13.488909,0.62081899,0,1.361897,0,0,0,0,0,0,0,1.0496773,147.119,235.269,16.313,8.623,0.825,127,94.137,29.817,0,0,0.1,0.013,0.013,0.075,170.329,3434.335
1968,3.588,1.2352028,259.86274,5.619744,60.122716,60122.716,781.23541,156.13324,23.678074,5.4802133,26.381741,21.060427,13.48918,0.65741104,0,1.4803317,0,0,0,0,0,0,0,0.52618894,167.586,263.953,18.678,8.974,1.043,127,114.767,36.216,0,0,0.158,0.019,0.016,0.109,171.36,3446.065
1969,3.8,1.2383879,262.9114,5.784831,61.744424,61744.424,795.31539,159.97494,24.352208,5.5231581,26.650241,21.712835,13.489449,0.69612398,0,1.6090657,0,0,0,0,0,0,0,0.7882605,194.513,294.486,21.388,9.344,1.283,127,134.875,39.381,0,0,0.229,0.026,0.024,0.15,172.423,3456.224
1970,4.076,1.1971129,265.96005,5.9368752,63.366132,63366.132,809.39537,163.81664,25.026341,5.5661029,26.918742,22.366503,11.992564,0.73695798,0,1.7489948,0,0,0.05544628,0,0.35640391,0,0,0.78850599,221.119,321.743,24.494,9.687,1.537,127,141.326,43.652,0,0,0.329,0.035,0.043,0.197,173.518,3464.95
1971,4.231,1.0708913,270.02505,5.6049759,63.545863,63545.863,825.18291,167.16131,25.809673,5.7038725,27.221794,23.042459,13.489967,0.7799133,0,1.901128,0,0,0.057318506,0,0.36316592,0,0,1.0506594,243.137,346.609,28.094,10.052,1.803,127,170.133,47.746,0,0.613,0.461,0.044,0.1,0.252,174.646,3472.409
1972,4.399,1.0470621,274.09004,5.9181309,63.725594,63725.594,840.97046,170.50597,26.593006,5.8416421,27.524846,23.75562,13.490244,0.82499011,0,2.066494,0,0,0.059192895,0,0.36993573,0,0,0.78907883,274.26,378.471,32.236,10.471,2.127,127,214.168,54.79,0,0.613,0.63,0.055,0.17,0.313,175.809,3478.741
1973,4.6349999,1.0330987,278.15504,6.0449043,63.905326,63905.326,856.758,173.85064,27.376338,5.9794117,27.827898,24.494072,13.490523,0.87218868,0,2.2462442,0,0,0.061069449,0,0.37671337,0,0,1.0512322,314.04,419.239,36.92,10.883,2.495,127,266.209,61.912,0,0.613,0.839,0.067,0.277,0.391,177.007,3484.114
1974,4.644,1.0387371,282.22003,5.9406002,64.085057,64085.057,872.54555,177.19531,28.159671,6.1171813,28.13095,25.2459,11.993645,0.9215092,0,2.4416297,0,0,0.062948171,0,0.38349883,0,0,1.0515595,345.881,454.701,42.295,11.29,2.921,127,305.489,62.543,0,0.613,1.086,0.08,0.372,0.468,178.243,3488.632
1975,4.615,1.0315876,286.28503,6.1409693,64.264788,64264.788,888.3331,180.53997,28.943004,6.2549509,28.434002,25.999188,13.49105,0.97295172,0,2.6540105,0,0,0.064829061,0,0.39029213,0,0,1.0518869,335.741,442.834,48.505,11.734,3.391,127,308.992,70.487,0,0.613,1.365,0.095,0.524,0.544,179.517,3492.425
1976,4.883,1.0906077,290.35002,6.3042588,64.444519,64444.519,904.12064,183.88464,29.726336,6.3927205,28.737055,26.742024,13.491328,1.0265167,0,2.8848647,0,0,0.066712124,0,0.39709328,0,0,1.57603,343.24,432.28,55.552,12.2,3.943,127,382.3,78.51,0,0.613,1.767,0.11,0.783,0.621,180.83,3495.619
1977,5.029,1.0939874,294.41502,6.534405,64.624251,64624.251,919.90819,187.2293,30.509669,6.5304901,29.040107,27.462492,11.994452,1.0822044,0,3.5660804,0,0,0.068597361,0,0.40390227,0,0,1.8384289,330.711,419.447,63.634,12.68,4.582,127,462.112,85.789,0,0.613,2.035,0.127,1.006,0.697,182.185,3498.281
1978,5.105,1.09037,298.48002,6.6193729,64.803982,64803.982,935.69573,190.57397,31.293001,6.6682597,29.343159,28.148677,13.491857,1.1400146,0,3.7964008,0,0,0.070484772,0,0.05429956,0,0,2.3628175,359.009,424.498,72.896,13.168,5.337,127,587.319,92.012,0,0.613,2.454,0.145,1.253,0.774,183.581,3500.505
1979,5.387,1.0647127,302.54501,7.007773,64.983713,64983.713,951.48328,193.91864,32.076334,6.8060293,29.646211,28.788664,11.994981,1.1999481,0,4.0275411,0,0,0.072374362,0,0.054330947,0,0,2.8873698,274.357,357.266,83.489,13.661,6.228,127,489.712,99.321,0,0.613,2.928,0.161,1.548,0.85,185.022,3502.36
1980,5.332,1.0252096,306.61001,7.0613923,65.163444,65163.444,967.27082,197.2633,32.859666,6.9437989,29.949263,29.37054,13.492387,1.2620043,0,4.2595023,0,0,0.018814427,0,0.76720931,0,0,3.1501778,304.998,432.044,95.641,14.194,7.006,121.849,550.707,104.973,0,0.613,3.453,0.185,1.805,0.927,186.506,3503.915
1981,5.168,1.0448621,310.01251,6.8417522,65.043883,65043.883,980.4447,199.79888,33.357242,7.0210048,30.456334,29.931853,11.995499,1.3261846,0,4.4921574,0,0,0.066288365,0,0.78079292,0,0,3.4130677,289.529,386.347,104.421,14.121,7.743,110.093,505.097,106.406,0,1.25,3.946,0.206,2.139,1.003,188.038,3505.193
1982,5.127,1.1904055,313.415,7.1189858,64.924321,64924.321,993.61858,202.33446,33.854818,7.0982107,30.963404,30.508393,13.492893,1.392488,0,4.7256142,0,0,0.073594133,0,0.081528294,0,0,3.6760394,252.419,400.317,108.943,13.905,8.399,123.807,505.343,116.821,0,0.961,4.522,0.229,2.645,1.105,189.616,3506.255
1983,5.11,1.2255201,316.8175,7.2168971,64.80476,64804.76,1006.7925,204.87003,34.352393,7.1754165,31.470475,31.085608,11.996004,1.4609153,0,4.9598729,0,0,0.073496743,0,0.79436576,0,0,3.939093,299.092,408.416,120.93,14.252,9.207,135.729,553.718,125.343,0,1.165,5.168,0.249,2.98,1.183,191.243,3507.154
1984,5.29,1.2600833,320.22,7.0481314,64.685199,64685.199,1019.9663,207.40561,34.849969,7.2526224,31.977546,31.648945,11.996242,1.5314669,0,5.1949332,0,0,0.018263078,0,0.80794309,0,0,3.9403205,310.901,432.125,177.397,14.781,9.71,134.867,569.476,130.447,0,1.331,6.032,0.269,3.475,1.262,192.92,3507.882
1985,5.444,1.2753449,323.6225,7.0169243,64.565637,64565.637,1033.1402,209.94119,35.347545,7.3298282,32.484616,32.183851,11.99648,1.6041426,0,5.4307947,0,0,-0.080681159,0,0.10867413,0,0,4.7272717,315.327,407.669,128.622,15.705,9.792,109.714,546.714,138.367,0,1.011,7.083,0.289,3.997,1.355,194.648,3508.496
1986,5.61,1.2872023,327.025,7.0704917,64.446076,64446.076,1046.3141,212.47677,35.845121,7.4070341,32.991687,32.675774,13.493874,1.678943,0,5.6674573,0,0,0.075292049,0,0.82150728,0,0,4.9906525,388.346,502.712,169.103,16.379,10.152,149.931,539.076,146.048,0,3.575,8.22,0.309,4.579,1.434,196.427,3508.999
1987,5.753,1.2940086,330.42749,7.4616728,64.326514,64326.514,1059.488,215.01235,36.342696,7.48424,33.498757,33.110161,11.996986,1.7558675,0,5.9049208,0,0,0.17780496,0,1.5479209,0,0,4.7302994,387.277,453.238,250.222,16.667,10.807,115.608,647.608,162.883,0,3.773,9.656,0.329,5.109,1.504,198.259,3509.425
1988,5.964,1.3167248,333.82999,7.2025077,64.206953,64206.953,1072.6618,217.54792,36.840272,7.5614458,34.005828,33.472458,11.997224,1.8349176,0,6.1431847,0,0,0.18118326,0,0.86222749,0,0,4.9936804,303.816,507.99,245.07,16.593,11.493,135.667,635.816,180.113,0,4.458,11.362,0.349,5.696,1.728,200.146,3509.774
1989,6.089,1.3236436,337.23249,7.3310397,64.087391,64087.391,1085.8357,220.0835,37.337848,7.6386517,34.512898,33.748114,11.997462,1.9160924,0,6.3822492,0,0,0.18829422,0.94505787,0.87579234,0,0,5.519051,301.477,385.52,204.109,15.725,12.26,118.146,564.767,186.15,0,6.174,11.605,0.369,5.482,1.73,202.087,3510.061
1990,6.15,1.45,312.24363,6.134052909,63.94845233,63948.45233,1045.747123,166.2503538,34.76423987,7.7158575,35.019969,33.922575,11.997683,2.0735678,0,6.6218233,0,0,0.18594167,1.0101542,0.88920979,0,0,7.772662322,291.464,405.617,203.131,14.022,12.363,143.171,694.142,195.69,0,11.322,11.702,0.389,5.119,1.73,204.082,3510.299
1991,6.24,1.65,314.57878,6.027936715,62.63000983,62630.00983,1021.791172,174.6872556,34.05798125,7.7247518,35.072322,34.026024,11.997905,2.3729101,0,6.8621776,0,0,0.19092079,2.1776448,0.90261206,0.004710024,0,8.143820543,190.405,309.884,198.928,13.243,12.135,70.607,573.576,204.801,0,16.556,11.426,0.409,4.094,1.735,206.133,3510.501
1992,6.18,1.69,321.95179,6.354227086,60.54027123,60540.27123,1174.203779,182.6468576,36.14417806,7.733646,35.124675,34.113528,11.998111,2.3731469,0,7.102985,0,0,0.28889991,4.2079892,1.6286536,0.004710028,0,8.146355176,203.23,303.369,121.343,10.324,12.018,91.022,554.986,185.994,0,20.911,9.343,0.429,2.74,1.715,208.24,3510.656
1993,6.17,1.56,306.48785,5.905312006,59.44097347,59440.97347,934.8376133,159.6833476,34.71270069,7.7425403,35.177028,34.207861,11.998354,2.3733837,0,7.3453102,0,0,0.3768163,8.4161579,2.3685965,0.18499007,0,8.886367317,144.94,228.999,67.857,8.322,11.681,85.436,372.232,188.092,23.101,22.5,10.23,0.509,3.344,1.7,210.402,3510.801
1994,6.28,1.52,311.05344,6.018185775,58.34323322,58343.23322,977.620746,169.0259706,34.8193501,7.7514345,35.229381,34.331799,11.998587,2.3736205,0,7.588207,0,0,1.8251048,21.399077,3.8347584,0.1819901,0,7.045438793,127.137,232.722,61.065,6.105,11.011,77.289,244.236,179.101,33.844,25.599,9.105,0.589,4.75,1.68,212.619,3510.907
1995,6.42,1.5,309.28838,6.118040582,57.18625984,57186.25984,930.1040543,157.4351743,35.28733501,7.7603288,35.281735,34.508115,10.501674,2.3738573,0,10.211528,0,0,2.9802177,29.726101,6.0409628,0.099994794,0,8.522582663,119.235,194.71,22.978,4.784,9.083,85.021,201.637,243.238,41.961,24.275,10.035,0.669,3.991,1.3,200.199,3511.005
1996,6.55,1.48,309.40561,6.216000677,56.9295967,56929.5967,916.9780098,155.3429045,35.41694838,7.769223,35.334088,34.960533,11.999071,2.3740941,0,10.248182,0,0,3.4188812,40.584859,6.1499876,0.43697783,0,8.525232603,115.437,178.907,27.962,2.943,7.019,70.403,89.184,211.181,51.431,26.411,10.743,0.729,2.691,0.85,201.834,3511.082
1997,6.66,1.46,340.52374,6.621938328,56.37686085,56376.86085,1232.705791,215.9517079,36.29135245,7.7781173,35.386441,35.833672,11.999322,2.3743309,0,10.284399,0,0,5.354049,50.643567,6.2587493,0.40797848,0,6.315450159,95.388,160.981,18.663,1.886,5.429,74.423,62.53,208.614,46.639,22.493,9.909,0.789,2.594,0.7,207.696,3511.082
1998,6.64,1.45,315.33019,6.431857113,55.41683344,55416.83344,1044.935423,167.0161442,36.94172282,7.7870115,35.438794,37.03165,11.999575,2.3745677,0,10.320704,0.087305408,0,7.2031812,59.652126,6.3676829,0.92795208,0,6.686147436,92.401,152.715,14.831,1.199,4.223,84.361,29.412,249.912,58.131,27.683,9.837,0.607,2.491,0.71,206.946,3511.082
1999,6.58,1.41,307.0371,6.086869535,53.39588818,53395.88818,878.188349,152.6935046,35.06501461,7.7959058,35.491147,38.458587,10.502692,2.3748045,0,10.357655,0.78573737,0,8.1531677,67.043997,6.4775249,1.35393,0,8.900653788,94.931,145.169,14.362,0.784,3.32,69.242,24.668,230.91,55.817,28.047,9.806,0.467,2.39,0.631,195.938,3511.082
2000,6.75,1.43,306.55951,6.038559807,53.49686408,53496.86408,826.8782349,148.4220392,34.98132448,7.8048,35.5435,40.0186,12.0001,2.3749,0.4624,10.3949,4,0,8.5381,75.0393,6.234,1.9509,17.9257,7.797202632,99.227,140.712,17.777,0.567,2.609,74.132,18.584,229.638,55.602,26.296,8.834,0.328,2.295,0.562,186.206,3511.082
2001,6.91,1.24,312.08683,6.129975798,53.49591539,53495.91539,857.7293622,152.8746022,34.9512431,7.8945,35.7143,40.3916,11.925,2.4345,0.4651,10.4328,5.3987,0.6471,9.0301,84.0409,7.4947,1.6449,19.7183,8.023592105,81.839,117.202,12.051,0.45,2.069,65.195,13.253,270.443,57.19,28.001,8.669,0.282,2.209,0.5,181.525,3511.082
2002,6.98,1.07,321.52222,7.505797897,52.81223964,52812.23964,924.1843932,167.8804808,35.57523405,7.9842,35.8845,40.7646,11.8481,2.4915,0.4058,10.4708,6.7975,1.294,9.8852,94.7161,8.7389,2.508,21.5109,8.2497,81.408,100.258,6.019,0.423,1.609,69.565,13.487,243.015,57.77,22.43,8.524,0.235,2.131,0.445,181.887,3511.082
2003,7.4,1.04,323.20905,7.441176389,53.9771379,53977.1379,862.2987803,158.3399477,35.93829745,8.0734,36.0543,41.1378,11.7693,2.5463,0.3939,10.5083,8.196,1.9411,12.0788,101.4157,9.9776,3.341,23.3035,8.475667105,90.865,107.745,2.604,0.37,1.288,69.381,8.444,252.962,48.801,23.232,7.77,0.189,2.057,0.396,177.539,3511.082
2004,7.78,1.02,335.14109,7.599588834,55.90222428,55902.22428,891.6340178,162.9481049,37.13635494,8.1623,36.2232,41.5107,11.6885,2.599,0.4062,10.5454,9.5947,2.5882,12.5073,113.9297,11.2136,4.269,25.096,8.701493421,78.182,87.647,5.237,0.378,1.046,67.383,10.874,263.062,43.847,23.348,7.653,0.189,1.987,0.353,174.26,3511.082
2005,8.09,1,344.36065,7.738554605,57.82782981,57827.82981,933.7838151,165.7587692,38.1765176,8.2512,36.3917,41.8837,11.6059,2.6494,0.4358,10.8116,10.9935,3.2351,13.7591,120.9334,12.4483,4.8901,26.8885,8.927038158,49.49,51.552,0.854,0.227,0.785,65,10.874,283.408,46.641,26.458,7.518,0.189,1.92,0.314,168.841,3511.082
2006,8.35,1,366.48763,8.115002364,59.8411166,59841.1166,1079.290248,186.3263289,40.33918303,8.2245,35.9952,41.9902,11.411,2.5813,0.4427,10.5529,12.3831,3.8803,14.4509,121.0746,12.7893,5.1614,31.23,9.110346053,48.471,49.808,1.119,0.136,0.588,58.5,10.874,297.615,48.747,34.767,6.992,0.049,1.834,0.279,167.857,3511.082
2007,8.54,0.95,373.73371,8.466194586,61.87337061,61873.37061,1170.403866,181.4418987,43.37854879,8.1977,35.598,42.0965,11.2139,2.5131,0.4492,10.2947,13.7731,4.5246,15.1335,129.6223,13.1314,5.4292,35.5714,9.293935526,47.083,46.366,0.911,0.082,0.441,52,10.874,311.265,50.583,39.869,6.502,0.049,1.752,0.249,167.857,3511.082
2008,8.75,0.94,377.84872,8.083834635,63.67667801,63676.67801,957.077906,168.5070723,41.21442833,8.1708667,35.199467,42.202733,11.012133,2.4452667,0.45503333,10.037233,15.162767,5.1677,15.798,133.99193,13.4753,5.6901667,39.912933,8.850026316,45.74,43.216,0.806,0.049,0.331,45.5,10.874,324.431,52.161,39.099,6.047,0.049,1.675,0.221,167.857,3511.082
2009,8.775,0.8,359.79936,8.611917318,58.02,58020,1058.418953,196.2685362,40.41721417,8.1440333,34.800933,42.308967,14.4110665,2.45763335,0.46086667,9.7797667,16.552433,5.8108,12.069,190.380965,6.73765,2.84508335,44.254467,7.920013158,44.442,40.334,0.754,0.029,0.248,39,10.874,337.175,53.496,38.069,5.624,0.049,1.601,0.197,167.857,3511.082
2010,8.8,0.66,341.75,9.14,59.34,59340,1159.76,224.03,39.62,8.1172,34.4024,42.4152,17.81,2.47,0.4667,9.5223,17.9421,6.4539,8.34,246.77,0,0,48.596,6.99,42.976,36.906,0.377,0.018,0.186,32.5,7.266,349.552,54.598,36.801,5.23,0,1.521,0.175,167.857,3511.082