filename; year; sector; australia;brazil;canada;china;france;germany;india;indonesia;iran;italy;japan;korea;mexico;poland;saudi_arabia;spain;thailand;turkey;uk;usa;ussr;global;;field1;field2;field3;field4;field5;field6;field7
RETRO_FIRES_V2_1960_SO2.nc;1960;grassfire;0.08226;0.007158;0;0.0001658;0;0;2.72E-07;0;0;0;0;0;0;0;0;0;0;0;0;0;0.001237;0.2491;kg(species)/m^2/s*gboxarea*1.e-9*366*86400;RETRO;FIRES;V2;1976;SO2;;
RETRO_FIRES_V2_1960_SO2.nc;1960;woodedfire;0.03758;0.1596;0;0.0004701;0;0;0.01844;0;0;0;0;0;0.0001408;0;0;0;1.73E-05;0;0;0.004013;0.005569;1.149;kg(species)/m^2/s*gboxarea*1.e-9*366*86400;RETRO;FIRES;V2;1976;SO2;;
RETRO_FIRES_V2_1961_SO2.nc;1961;grassfire;0.08439;0.005221;0;0.0002149;0;0;5.57E-07;0;0;0;0;0;0;0;0;0;0;0;0;0;0.001011;0.1828;kg(species)/m^2/s*gboxarea*1.e-9*366*86400;RETRO;FIRES;V2;1976;SO2;;
RETRO_FIRES_V2_1961_SO2.nc;1961;woodedfire;0.03908;0.1147;0;0.0005344;0;0;0.01124;0;0;0;0;0;0.0003093;0;0;0;1.10E-05;0;0;0.002653;0.005656;0.7259;m^2;RETRO;FIRES;V2;1976;SO2;;
RETRO_FIRES_V2_1962_SO2.nc;1962;grassfire;0.04556;0.004423;0;0.0002966;0;0;1.95E-07;0;0;0;0;0;0;0;0;0;0;0;0;0;0.0008759;0.1568;;field1;field2;field3;field4;field5;field6;field7
RETRO_FIRES_V2_1962_SO2.nc;1962;woodedfire;0.02042;0.09795;0;0.0005933;0;0;0.0158;0;0;0;0;0;0.0002618;0;0;0;3.94E-07;0;0;0.003736;0.005367;0.7512;kg(species)/m^2/s*gboxarea*1.e-9*365*86400;RETRO;FIRES;V2;1977;SO2;;
RETRO_FIRES_V2_1963_SO2.nc;1963;grassfire;0.04398;0.006268;0;0.0001461;0;0;0;0;0;0;0;0;0;0;0;0;0;0;0;0;0.001513;0.1445;kg(species)/m^2/s*gboxarea*1.e-9*365*86400;RETRO;FIRES;V2;1977;SO2;;
RETRO_FIRES_V2_1963_SO2.nc;1963;woodedfire;0.01958;0.1199;0;0.0005123;0;0;0.01307;0;0;0;0;0;0.0002477;0;0;0;7.92E-06;0;0;0.006472;0.005956;0.7763;kg(species)/m^2/s*gboxarea*1.e-9*365*86400;RETRO;FIRES;V2;1977;SO2;;
RETRO_FIRES_V2_1964_SO2.nc;1964;grassfire;0.07329;0.00366;0;0.0002073;0;0;1.33E-07;0;0;0;0;0;0;0;0;0;0;0;0;0;0.000997;0.219;m^2;RETRO;FIRES;V2;1977;SO2;;
RETRO_FIRES_V2_1964_SO2.nc;1964;woodedfire;0.03395;0.07346;0;0.0006839;0;0;0.01737;0;0;0;0;0;0.0001461;0;0;0;6.43E-06;0;0;0.003907;0.005608;0.9013;;field1;field2;field3;field4;field5;field6;field7
RETRO_FIRES_V2_1965_SO2.nc;1965;grassfire;0.1135;0.005516;0;0.0001609;0;0;3.54E-07;0;0;0;0;0;0;0;0;0;0;0;0;0;0.0009963;0.2537;kg(species)/m^2/s*gboxarea*1.e-9*365*86400;RETRO;FIRES;V2;1978;SO2;;
RETRO_FIRES_V2_1965_SO2.nc;1965;woodedfire;0.05252;0.1097;0;0.0004151;0;0;0.01326;0;0;0;0;0;0.000729;0;0;0;1.07E-05;0;0;0.002065;0.004813;0.9502;kg(species)/m^2/s*gboxarea*1.e-9*365*86400;RETRO;FIRES;V2;1978;SO2;;
RETRO_FIRES_V2_1966_SO2.nc;1966;grassfire;0.0536;0.005212;0;0.0001907;0;0;5.69E-07;0;0;0;0;0;0;0;0;0;0;0;0;0;0.00106;0.1587;kg(species)/m^2/s*gboxarea*1.e-9*365*86400;RETRO;FIRES;V2;1978;SO2;;
RETRO_FIRES_V2_1966_SO2.nc;1966;woodedfire;0.0246;0.106;0;0.0005191;0;0;0.01151;0;0;0;0;0;0.0004014;0;0;0;9.50E-06;0;0;0.003982;0.005939;0.7601;m^2;RETRO;FIRES;V2;1978;SO2;;
RETRO_FIRES_V2_1967_SO2.nc;1967;grassfire;0.06549;0.006052;0;0.0001069;0;0;1.40E-06;0;0;0;0;0;0;0;0;0;0;0;0;0;0.00228;0.1756;;field1;field2;field3;field4;field5;field6;field7
RETRO_FIRES_V2_1967_SO2.nc;1967;woodedfire;0.02893;0.1176;0;0.0004699;0;0;0.01283;0;0;0;0;0;0.0003281;0;0;0;7.15E-06;0;0;0.004187;0.005964;0.7936;kg(species)/m^2/s*gboxarea*1.e-9*365*86400;RETRO;FIRES;V2;1979;SO2;;
RETRO_FIRES_V2_1968_SO2.nc;1968;grassfire;0.04214;0.006293;0;0.0003701;0;0;2.66E-07;0;0;0;0;0;0;0;0;0;0;0;0;0;0.001209;0.1635;kg(species)/m^2/s*gboxarea*1.e-9*365*86400;RETRO;FIRES;V2;1979;SO2;;
RETRO_FIRES_V2_1968_SO2.nc;1968;woodedfire;0.01837;0.138;0;0.0006361;0;0;0.01496;0;0;0;0;0;0.0003323;0;0;0;3.79E-06;0;0;0.003927;0.005444;0.8771;kg(species)/m^2/s*gboxarea*1.e-9*365*86400;RETRO;FIRES;V2;1979;SO2;;
RETRO_FIRES_V2_1969_SO2.nc;1969;grassfire;0.09466;0.007334;0;0.0001044;0;0;5.90E-07;0;0;0;0;0;0;0;0;0;0;0;0;0;0.001495;0.2128;m^2;RETRO;FIRES;V2;1979;SO2;;
RETRO_FIRES_V2_1969_SO2.nc;1969;woodedfire;0.04268;0.1531;0;0.0007593;0;0;0.01311;0;0;0;0;0;0.0001585;0;0;0;1.71E-05;0;0;0.011;0.006086;0.9302;;field1;field2;field3;field4;field5;field6;field7
RETRO_FIRES_V2_1970_SO2.nc;1970;grassfire;0.07014;0.009064;0;0.0001674;0;0;8.71E-07;0;0;0;0;0;0;0;0;0;0;0;0;0;0.0009931;0.268;kg(species)/m^2/s*gboxarea*1.e-9*366*86400;RETRO;FIRES;V2;1980;SO2;;
RETRO_FIRES_V2_1970_SO2.nc;1970;woodedfire;0.03163;0.1992;0;0.0006387;0;0;0.01439;0;0;0;0;0;0.0005729;0;0;0;0;0;0;0.002566;0.005395;1.389;kg(species)/m^2/s*gboxarea*1.e-9*366*86400;RETRO;FIRES;V2;1980;SO2;;
RETRO_FIRES_V2_1971_SO2.nc;1971;grassfire;0.04822;0.00326;0;0.0001173;0;0;1.40E-06;0;0;0;0;0;0;0;0;0;0;0;0;0;0.0006499;0.1608;kg(species)/m^2/s*gboxarea*1.e-9*366*86400;RETRO;FIRES;V2;1980;SO2;;
RETRO_FIRES_V2_1971_SO2.nc;1971;woodedfire;0.02104;0.07402;0;0.0004303;0;0;0.01658;0;0;0;0;0;0.0003901;0;0;0;1.10E-05;0;0;0.004821;0.003621;0.7044;m^2;RETRO;FIRES;V2;1980;SO2;;
RETRO_FIRES_V2_1972_SO2.nc;1972;grassfire;0.09973;0.006245;0;0.0001137;0;0;4.10E-07;0;0;0;0;0;0;0;0;0;0;0;0;0;0.00111;0.2219;;field1;field2;field3;field4;field5;field6;field7
RETRO_FIRES_V2_1972_SO2.nc;1972;woodedfire;0.04455;0.1285;0;0.0004165;0;0;0.01684;0;0;0;0;0;0.000258;0;0;0;9.52E-07;0;0;0.004204;0.006159;0.9048;kg(species)/m^2/s*gboxarea*1.e-9*365*86400;RETRO;FIRES;V2;1981;SO2;;
RETRO_FIRES_V2_1973_SO2.nc;1973;grassfire;0.04679;0.003593;0;0.0001725;0;0;3.76E-07;0;0;0;0;0;0;0;0;0;0;0;0;0;0.001987;0.1821;kg(species)/m^2/s*gboxarea*1.e-9*365*86400;RETRO;FIRES;V2;1981;SO2;;
RETRO_FIRES_V2_1973_SO2.nc;1973;woodedfire;0.0211;0.07353;0;0.0008298;0;0;0.01191;0;0;0;0;0;0.0001278;0;0;0;0;0;0;0.00171;0.01154;0.8151;kg(species)/m^2/s*gboxarea*1.e-9*365*86400;RETRO;FIRES;V2;1981;SO2;;
RETRO_FIRES_V2_1974_SO2.nc;1974;grassfire;0.06385;0.004435;0;0.0001098;0;0;8.22E-08;0;0;0;0;0;0;0;0;0;0;0;0;0;0.0004024;0.1553;m^2;RETRO;FIRES;V2;1981;SO2;;
RETRO_FIRES_V2_1974_SO2.nc;1974;woodedfire;0.0278;0.09683;0;0.0003968;0;0;0.01638;0;0;0;0;0;0.0002457;0;0;0;1.72E-05;0;0;0.003091;0.001858;0.67;;field1;field2;field3;field4;field5;field6;field7
RETRO_FIRES_V2_1975_SO2.nc;1975;grassfire;0.08393;0.006206;0;0.000158;0;0;2.96E-07;0;0;0;0;0;0;0;0;0;0;0;0;0;0.0003476;0.2024;kg(species)/m^2/s*gboxarea*1.e-9*365*86400;RETRO;FIRES;V2;1982;SO2;;
RETRO_FIRES_V2_1975_SO2.nc;1975;woodedfire;0.03795;0.1311;0;0.0003278;0;0;0.01384;0;0;0;0;0;0.0001972;0;0;0;3.37E-06;0;0;0.001587;0.001705;0.8756;kg(species)/m^2/s*gboxarea*1.e-9*365*86400;RETRO;FIRES;V2;1982;SO2;;
RETRO_FIRES_V2_1976_SO2.nc;1976;grassfire;0.1292;0.008311;0;0.0002392;0;0;9.21E-07;0;0;0;0;0;0;0;0;0;0;0;0;0;0.006168;0.2463;kg(species)/m^2/s*gboxarea*1.e-9*365*86400;RETRO;FIRES;V2;1982;SO2;;
RETRO_FIRES_V2_1976_SO2.nc;1976;woodedfire;0.05641;0.1765;0;0.002051;0;0;0.01885;0;0;0;0;0;0.0001102;0;0;0;4.47E-06;0;0;0.004857;0.02465;0.9978;m^2;RETRO;FIRES;V2;1982;SO2;;
RETRO_FIRES_V2_1977_SO2.nc;1977;grassfire;0.1262;0.003985;0;0.0001178;0;0;5.21E-07;0;0;0;0;0;0;0;0;0;0;0;0;0;0.0006862;0.2656;;field1;field2;field3;field4;field5;field6;field7
RETRO_FIRES_V2_1977_SO2.nc;1977;woodedfire;0.05909;0.08431;0;0.0007019;0;0;0.01409;0;0;0;0;0;0.0001937;0;0;0;1.29E-06;0;0;0.005959;0.003982;0.8894;kg(species)/m^2/s*gboxarea*1.e-9*365*86400;RETRO;FIRES;V2;1983;SO2;;
RETRO_FIRES_V2_1978_SO2.nc;1978;grassfire;0.07697;0.00669;0;0.0001006;0;0;5.79E-07;0;0;0;0;0;0;0;0;0;0;0;0;0;0.0004151;0.2006;kg(species)/m^2/s*gboxarea*1.e-9*365*86400;RETRO;FIRES;V2;1983;SO2;;
RETRO_FIRES_V2_1978_SO2.nc;1978;woodedfire;0.0353;0.1306;0;0.0004076;0;0;0.01532;0;0;0;0;0;0.0002331;0;0;0;5.06E-06;0;0;0.003217;0.002259;0.9322;kg(species)/m^2/s*gboxarea*1.e-9*365*86400;RETRO;FIRES;V2;1983;SO2;;
RETRO_FIRES_V2_1979_SO2.nc;1979;grassfire;0.1249;0.007185;0;0.0001756;0;0;0;0;0;0;0;0;0;0;0;0;0;0;0;0;0.0006769;0.2962;m^2;RETRO;FIRES;V2;1983;SO2;;
RETRO_FIRES_V2_1979_SO2.nc;1979;woodedfire;0.05837;0.1557;0;0.0005138;0;0;0.01703;0;0;0;0;0;0.001008;0;0;0;9.91E-06;0;0;0.003042;0.003606;1.217;;field1;field2;field3;field4;field5;field6;field7
RETRO_FIRES_V2_1980_SO2.nc;1980;grassfire;0.1465;0.007952;0;0.0001361;0;0;5.28E-07;0;0;0;0;0;0;0;0;0;0;0;0;0;0.0003903;0.3232;kg(species)/m^2/s*gboxarea*1.e-9*366*86400;RETRO;FIRES;V2;1984;SO2;;
RETRO_FIRES_V2_1980_SO2.nc;1980;woodedfire;0.06789;0.1601;0;0.0003595;0;0;0.01638;0;0;0;0;0;0.002651;0;0;0;6.87E-07;0;0;0.00268;0.002322;1.26;kg(species)/m^2/s*gboxarea*1.e-9*366*86400;RETRO;FIRES;V2;1984;SO2;;
RETRO_FIRES_V2_1981_SO2.nc;1981;grassfire;0.05996;0.00602;0;0.0002363;0;0;0;0;0;0;0;0;0;0;0;0;0;0;0;0;0.001108;0.1869;m^2;RETRO;FIRES;V2;1992;SO2;;
RETRO_FIRES_V2_1981_SO2.nc;1981;woodedfire;0.02678;0.1329;0;0.0006988;0;0;0.01195;0;0;0;0;0;0.001013;0;0;0;1.07E-05;0;0;0.004548;0.006361;0.895;;field1;field2;field3;field4;field5;field6;field7
RETRO_FIRES_V2_1982_SO2.nc;1982;grassfire;0.1218;0.006696;0;0.0001222;0;0;0;0;0;0;0;0;0;0;0;0;0;0;0;0;0.0006302;0.2823;kg(species)/m^2/s*gboxarea*1.e-9*365*86400;RETRO;FIRES;V2;1993;SO2;;
RETRO_FIRES_V2_1982_SO2.nc;1982;woodedfire;0.0546;0.1368;0;0.0006737;0;0;0.0158;0;0;0;0;0;0.0006849;0;0;0;1.10E-05;0;0;0.001754;0.003551;1.105;kg(species)/m^2/s*gboxarea*1.e-9*365*86400;RETRO;FIRES;V2;1993;SO2;;
RETRO_FIRES_V2_1983_SO2.nc;1983;grassfire;0.07251;0.007059;0;0.0001367;0;0;4.01E-07;0;0;0;0;0;0;0;0;0;0;0;0;0;0.0003969;0.2184;kg(species)/m^2/s*gboxarea*1.e-9*365*86400;RETRO;FIRES;V2;1993;SO2;;
RETRO_FIRES_V2_1983_SO2.nc;1983;woodedfire;0.03311;0.1419;0;0.0005525;0;0;0.01543;0;0;0;0;0;0.0005445;0;0;0;2.83E-06;0;0;0.004239;0.003053;1.031;m^2;RETRO;FIRES;V2;1993;SO2;;
RETRO_FIRES_V2_1984_SO2.nc;1984;grassfire;0.07324;0.002678;0;0.0002161;0;0;2.99E-07;0;0;0;0;0;0;0;0;0;0;0;0;0;0.0009367;0.1836;;field1;field2;field3;field4;field5;field6;field7
RETRO_FIRES_V2_1984_SO2.nc;1984;woodedfire;0.0329;0.05488;0;0.0005336;0;0;0.01853;0;0;0;0;0;0.0009642;0;0;0;5.06E-06;0;0;0.001555;0.00601;0.6712;kg(species)/m^2/s*gboxarea*1.e-9*365*86400;RETRO;FIRES;V2;1994;SO2;;
RETRO_FIRES_V2_1985_SO2.nc;1985;grassfire;0.1436;0.003623;0;0.0001536;0;0;2.41E-07;0;0;0;0;0;0;0;0;0;0;0;0;0;0.001285;0.2416;kg(species)/m^2/s*gboxarea*1.e-9*365*86400;RETRO;FIRES;V2;1994;SO2;;
RETRO_FIRES_V2_1985_SO2.nc;1985;woodedfire;0.06697;0.06961;0;0.0008114;0;0;0.01348;0;0;0;0;0;0.0003392;0;0;0;5.60E-06;0;0;0.004625;0.00623;0.6978;kg(species)/m^2/s*gboxarea*1.e-9*365*86400;RETRO;FIRES;V2;1994;SO2;;
RETRO_FIRES_V2_1986_SO2.nc;1986;grassfire;0.09958;0.004856;0;0.0001904;0;0;8.11E-07;0;0;0;0;0;0;0;0;0;0;0;0;0;0.002917;0.2004;m^2;RETRO;FIRES;V2;1994;SO2;;
RETRO_FIRES_V2_1986_SO2.nc;1986;woodedfire;0.04595;0.09593;0;0.0007403;0;0;0.01638;0;0;0;0;0;0.001551;0;0;0;0;0;0;0.002896;0.01257;0.7473;;field1;field2;field3;field4;field5;field6;field7
RETRO_FIRES_V2_1987_SO2.nc;1987;grassfire;0.05933;0.008145;0;0.0003957;0;0;7.00E-07;0;0;0;0;0;0;0;0;0;0;0;0;0;0.003364;0.2085;kg(species)/m^2/s*gboxarea*1.e-9*365*86400;RETRO;FIRES;V2;1995;SO2;;
RETRO_FIRES_V2_1987_SO2.nc;1987;woodedfire;0.02705;0.1747;0;0.002084;0;0;0.0133;0;0;0;0;0;0.002049;0;0;0;2.72E-06;0;0;0.002213;0.01948;1.112;kg(species)/m^2/s*gboxarea*1.e-9*365*86400;RETRO;FIRES;V2;1995;SO2;;
RETRO_FIRES_V2_1988_SO2.nc;1988;grassfire;0.06254;0.005067;0;0.0001342;0;0;0;0;0;0;0;0;0;0;0;0;0;0;0;0;0.001463;0.1529;kg(species)/m^2/s*gboxarea*1.e-9*365*86400;RETRO;FIRES;V2;1995;SO2;;
RETRO_FIRES_V2_1988_SO2.nc;1988;woodedfire;0.02864;0.1108;0;0.0005665;0;0;0.01372;0;0;0;0;0;0.001635;0;0;0;1.03E-05;0;0;0.01115;0.006071;0.6943;m^2;RETRO;FIRES;V2;1995;SO2;;
RETRO_FIRES_V2_1989_SO2.nc;1989;grassfire;0.06467;0.005134;0;0.0006704;0;0;4.18E-07;0;0;0;0;0;0;0;0;0;0;0;0;0;0.001466;0.1819;;field1;field2;field3;field4;field5;field6;field7
RETRO_FIRES_V2_1989_SO2.nc;1989;woodedfire;0.02927;0.1126;0;0.0004085;0;0;0.01551;0;0;0;0;0;0.0002691;0;0;0;8.68E-07;0;0;0.003066;0.008379;0.8053;kg(species)/m^2/s*gboxarea*1.e-9*366*86400;RETRO;FIRES;V2;1996;SO2;;
RETRO_FIRES_V2_1990_SO2.nc;1990;grassfire;0.08348;0.007542;0;0.0002637;0;0;4.51E-07;0;0;0;0;0;0;0;0;0;0;0;0;0;0.001089;0.2774;kg(species)/m^2/s*gboxarea*1.e-9*366*86400;RETRO;FIRES;V2;1996;SO2;;
RETRO_FIRES_V2_1990_SO2.nc;1990;woodedfire;0.03884;0.1506;0;0.0008172;0;0;0.01527;0;0;0;0;0;5.73E-05;0;0;0;2.83E-05;0;0;0.014;0.006699;1.288;kg(species)/m^2/s*gboxarea*1.e-9*366*86400;RETRO;FIRES;V2;1996;SO2;;
RETRO_FIRES_V2_1991_SO2.nc;1991;grassfire;0.1148;0.006212;0;0.0001099;0;0;0;0;0;0;0;0;0;0;0;0;0;0;0;0;0.002259;0.2418;m^2;RETRO;FIRES;V2;1996;SO2;;
RETRO_FIRES_V2_1991_SO2.nc;1991;woodedfire;0.05525;0.1236;0;0.001278;0;0;0.01859;0;0;0;0;0;0;0;0;0;1.91E-06;0;0;0.006826;0.009948;0.9506;;field1;field2;field3;field4;field5;field6;field7
RETRO_FIRES_V2_1992_SO2.nc;1992;grassfire;0.08434;0.007585;0;0.0001945;0;0;8.39E-07;0;0;0;0;0;0;0;0;0;0;0;0;0;0.003318;0.3075;kg(species)/m^2/s*gboxarea*1.e-9*365*86400;RETRO;FIRES;V2;1997;SO2;;
RETRO_FIRES_V2_1992_SO2.nc;1992;woodedfire;0.03899;0.1733;0;0.0005583;0;0;0.01173;0;0;0;0;0;0.0001339;0;0;0;7.38E-06;0;0;0.002525;0.01084;1.448;kg(species)/m^2/s*gboxarea*1.e-9*365*86400;RETRO;FIRES;V2;1997;SO2;;
RETRO_FIRES_V2_1993_SO2.nc;1993;grassfire;0.06632;0.009303;0;0.0003663;0;0;9.64E-07;0;0;0;0;0;0;0;0;0;0;0;0;0;0.002216;0.1929;kg(species)/m^2/s*gboxarea*1.e-9*365*86400;RETRO;FIRES;V2;1997;SO2;;
RETRO_FIRES_V2_1993_SO2.nc;1993;woodedfire;0.02994;0.2129;0;0.0005885;0;0;0.01682;0;0;0;0;0;0.0001426;0;0;0;5.83E-06;0;0;0.003801;0.01116;1.051;m^2;RETRO;FIRES;V2;1997;SO2;;
RETRO_FIRES_V2_1994_SO2.nc;1994;grassfire;0.1376;0.002919;0;0.0001568;0;0;9.97E-07;0;0;0;0;0;0;0;0;0;0;0;0;0;0.0011;0.2698;;field1;field2;field3;field4;field5;field6;field7
RETRO_FIRES_V2_1994_SO2.nc;1994;woodedfire;0.06471;0.06601;0;0.0005694;0;0;0.01453;0;0;0;0;0;0.001251;0;0;0;3.57E-06;0;0;0.003835;0.004647;0.8274;kg(species)/m^2/s*gboxarea*1.e-9*365*86400;RETRO;FIRES;V2;1998;SO2;;
RETRO_FIRES_V2_1995_SO2.nc;1995;grassfire;0.06571;0.004858;0;0.0001113;0;0;4.03E-07;0;0;0;0;0;0;0;0;0;0;0;0;0;0.0005525;0.2196;kg(species)/m^2/s*gboxarea*1.e-9*365*86400;RETRO;FIRES;V2;1998;SO2;;
RETRO_FIRES_V2_1995_SO2.nc;1995;woodedfire;0.02955;0.09919;0;0.0004339;0;0;0.01695;0;0;0;0;0;0.0002061;0;0;0;6.45E-06;0;0;0.002135;0.002464;0.9644;kg(species)/m^2/s*gboxarea*1.e-9*365*86400;RETRO;FIRES;V2;1998;SO2;;
RETRO_FIRES_V2_1996_SO2.nc;1996;grassfire;0.06712;0.005952;0;0.0004074;0;0;8.52E-07;0;0;0;0;0;0;0;0;0;0;0;0;0;0.002381;0.2047;m^2;RETRO;FIRES;V2;1998;SO2;;
RETRO_FIRES_V2_1996_SO2.nc;1996;woodedfire;0.02947;0.1146;0;0.001276;0;0;0.01638;0;0;0;0;0;0.002743;0;0;0;7.48E-06;0;0;0.004896;0.01129;0.9296;;field1;field2;field3;field4;field5;field6;field7
RETRO_FIRES_V2_1997_SO2.nc;1997;grassfire;0.08535;0.005672;0;0.0006145;0;0;3.99E-07;0;0;0;0;0;0;0;0;0;0;0;0;0;0.0007627;0.2154;kg(species)/m^2/s*gboxarea*1.e-9*365*86400;RETRO;FIRES;V2;1999;SO2;;
RETRO_FIRES_V2_1997_SO2.nc;1997;woodedfire;0.03851;0.1227;0;0.0007504;0;0;0.01768;0;0;0;0;0;0.000985;0;0;0;3.57E-06;0;0;0.007319;0.005851;0.9189;kg(species)/m^2/s*gboxarea*1.e-9*365*86400;RETRO;FIRES;V2;1999;SO2;;
RETRO_FIRES_V2_1998_SO2.nc;1998;grassfire;0.08848;0.009598;0;0.002396;0;0;1.10E-06;0;0;0;0;0;0;0;0;0;0;0;0;0;0.001743;0.2477;kg(species)/m^2/s*gboxarea*1.e-9*365*86400;RETRO;FIRES;V2;1999;SO2;;
RETRO_FIRES_V2_1998_SO2.nc;1998;woodedfire;0.0404;0.1963;0;0.001484;0;0;0.01701;0;0;0;0;0;0.0002906;0;0;0;8.98E-06;0;0;0.00228;0.01816;1.22;m^2;RETRO;FIRES;V2;1999;SO2;;
RETRO_FIRES_V2_1999_SO2.nc;1999;grassfire;0.0877;0.002953;0;0.0001418;0;0;0;0;0;0;0;0;0;0;0;0;0;0;0;0;0.001319;0.2478;;field1;field2;field3;field4;field5;field6;field7
RETRO_FIRES_V2_1999_SO2.nc;1999;woodedfire;0.04049;0.06458;0;0.0008506;0;0;0.01794;0;0;0;0;0;0.001068;0;0;0;0;0;0;0.004632;0.005191;0.933;kg(species)/m^2/s*gboxarea*1.e-9*366*86400;RETRO;FIRES;V2;2000;SO2
RETRO_FIRES_V2_2000_SO2.nc;2000;forestfire;0.02214;0.1625;0.01918;0.04515;0.0002934;2.40E-05;0.01709;0.1036;0;0.00121;0;0;0.08669;0.002644;0;0.002189;0.02623;0.0002665;3.07E-05;0.05329;0.2008;1.149;kg(species)/m^2/s*gboxarea*1.e-9*366*86400;RETRO;FIRES;V2;2000;SO2
RETRO_FIRES_V2_2000_SO2.nc;2000;grassfire;0.09616;0.004978;0;0.0003143;0;0;2.60E-07;0;0;0;0;0;0;0;0;0;0;0;0;0;0.001395;0.2533;kg(species)/m^2/s*gboxarea*1.e-9*366*86400;RETRO;FIRES;V2;2000;SO2
