filename; year; sector; africa;central_america;east_asia;eastern_europe;ec25_europe;latin_america;middle_east;north_america;north_central_asia;oceania;oecd_europe;old_ec_europe;south_america;south_asia;south_east_asia;world;global;;field1;field2;field3;field4;field5;field6;field7
RETRO_FIRES_V2_1960_OC.nc;1960;forestfire;0.3713;0.1924;0.2115;0.09924;0.3725;0.8876;0.0008876;0.2744;1.148;0.1752;0.3239;0.3237;0.6952;0.09228;0.5713;5.095;5.128;kg(species)/m^2/s*gboxarea*1.e-9*366*86400;RETRO;FIRES;V2;1960;OC;;
RETRO_FIRES_V2_1960_OC.nc;1960;grassfire;1.345;0;0.001817;0;0;0.07885;0;0;0.003256;0.7115;0;0;0.07885;2.35E-06;8.58E-06;2.144;2.144;kg(species)/m^2/s*gboxarea*1.e-9*366*86400;RETRO;FIRES;V2;1960;OC;;
RETRO_FIRES_V2_1960_OC.nc;1960;woodedfire;6.067;0.001218;0.006838;0;0.0003492;3.158;3.34E-05;0.03325;0.03145;0.3234;0.0005465;0.0003159;3.157;0.1851;0.0002305;9.804;9.806;kg(species)/m^2/s*gboxarea*1.e-9*366*86400;RETRO;FIRES;V2;1960;OC;;
RETRO_FIRES_V2_1961_OC.nc;1961;forestfire;0.4081;0.231;0.2164;0.2494;0.2901;1.012;0.001114;0.7109;0.4797;0.177;0.168;0.1676;0.7807;0.08372;0.5051;4.324;4.344;kg(species)/m^2/s*gboxarea*1.e-9*365*86400;RETRO;FIRES;V2;1961;OC;;
RETRO_FIRES_V2_1961_OC.nc;1961;grassfire;0.7809;0;0.00144;0;0;0.05641;0;0;0.002907;0.7299;0;0;0.05641;4.81E-06;1.48E-05;1.575;1.575;kg(species)/m^2/s*gboxarea*1.e-9*365*86400;RETRO;FIRES;V2;1961;OC;;
RETRO_FIRES_V2_1961_OC.nc;1961;woodedfire;3.422;0.002675;0.006861;0;0.000131;2.26;4.45E-05;0.02107;0.03041;0.3366;0.0005051;8.65E-05;2.258;0.1148;0.0002506;6.193;6.195;kg(species)/m^2/s*gboxarea*1.e-9*365*86400;RETRO;FIRES;V2;1961;OC;;
RETRO_FIRES_V2_1962_OC.nc;1962;forestfire;0.4452;0.2505;0.13;0.02736;0.1664;1.092;0.0004678;0.2104;0.942;0.0964;0.06386;0.06313;0.8419;0.08812;0.3707;4.248;4.264;kg(species)/m^2/s*gboxarea*1.e-9*365*86400;RETRO;FIRES;V2;1962;OC;;
RETRO_FIRES_V2_1962_OC.nc;1962;grassfire;0.8976;0;0.002048;0;0;0.05018;0;0;0.003034;0.394;0;0;0.05018;1.69E-06;1.22E-05;1.35;1.35;kg(species)/m^2/s*gboxarea*1.e-9*365*86400;RETRO;FIRES;V2;1962;OC;;
RETRO_FIRES_V2_1962_OC.nc;1962;woodedfire;4.01;0.002264;0.00569;0;1.84E-05;2.01;1.84E-05;0.02879;0.03211;0.1756;0;0;2.008;0.1593;7.16E-05;6.421;6.423;kg(species)/m^2/s*gboxarea*1.e-9*365*86400;RETRO;FIRES;V2;1962;OC;;
RETRO_FIRES_V2_1963_OC.nc;1963;forestfire;0.4824;0.2295;0.1436;0.01937;0.1879;1.136;0.0003635;0.2529;0.5579;0.09314;0.1714;0.171;0.9066;0.07775;0.5042;3.679;3.694;kg(species)/m^2/s*gboxarea*1.e-9*365*86400;RETRO;FIRES;V2;1963;OC;;
RETRO_FIRES_V2_1963_OC.nc;1963;grassfire;0.7789;0;0.001814;0;0;0.06825;0;0;0.003403;0.3804;0;0;0.06825;0;2.07E-05;1.236;1.236;kg(species)/m^2/s*gboxarea*1.e-9*365*86400;RETRO;FIRES;V2;1963;OC;;
RETRO_FIRES_V2_1963_OC.nc;1963;woodedfire;3.48;0.002142;0.007985;0;7.95E-05;2.729;1.36E-05;0.05321;0.03355;0.1694;0.0005415;6.59E-05;2.727;0.1315;0.0001961;6.601;6.603;kg(species)/m^2/s*gboxarea*1.e-9*365*86400;RETRO;FIRES;V2;1963;OC;;
RETRO_FIRES_V2_1964_OC.nc;1964;forestfire;0.5199;0.2203;0.2179;0.02515;0.1464;1.185;0.0007678;0.4112;0.6458;0.1562;0.124;0.1239;0.9648;0.1042;0.5535;4.123;4.162;kg(species)/m^2/s*gboxarea*1.e-9*366*86400;RETRO;FIRES;V2;1964;OC;;
RETRO_FIRES_V2_1964_OC.nc;1964;grassfire;1.199;0;0.002843;0;0;0.04144;0;0;0.004066;0.6339;0;0;0.04144;1.15E-06;1.32E-05;1.883;1.883;kg(species)/m^2/s*gboxarea*1.e-9*366*86400;RETRO;FIRES;V2;1964;OC;;
RETRO_FIRES_V2_1964_OC.nc;1964;woodedfire;5.506;0.001264;0.007901;0;3.02E-05;1.663;3.02E-05;0.03079;0.0318;0.2935;0;0;1.662;0.1774;0.0002606;7.708;7.71;kg(species)/m^2/s*gboxarea*1.e-9*366*86400;RETRO;FIRES;V2;1964;OC;;
RETRO_FIRES_V2_1965_OC.nc;1965;forestfire;0.5565;0.3026;0.2105;0.01485;0.06225;1.348;0.0007447;0.1375;0.4214;0.2417;0.05117;0.05112;1.045;0.07355;1.384;4.552;4.606;kg(species)/m^2/s*gboxarea*1.e-9*365*86400;RETRO;FIRES;V2;1965;OC
RETRO_FIRES_V2_1965_OC.nc;1965;grassfire;1.135;0;0.001825;0;0;0.05966;0;0;0.003441;0.9814;0;0;0.05966;3.06E-06;1.32E-05;2.185;2.185;kg(species)/m^2/s*gboxarea*1.e-9*365*86400;RETRO;FIRES;V2;1965;OC
RETRO_FIRES_V2_1965_OC.nc;1965;woodedfire;5.109;0.006305;0.007384;0;2.81E-05;2.389;2.81E-05;0.01454;0.0324;0.4527;0;0;2.383;0.1338;0.0002109;8.136;8.14;kg(species)/m^2/s*gboxarea*1.e-9*365*86400;RETRO;FIRES;V2;1965;OC
RETRO_FIRES_V2_1966_OC.nc;1966;forestfire;0.5937;0.1805;0.1721;0.02079;0.06016;1.273;0.0008506;0.2577;0.2195;0.116;0.04757;0.04748;1.092;0.07034;0.7776;3.664;3.677;kg(species)/m^2/s*gboxarea*1.e-9*365*86400;RETRO;FIRES;V2;1966;OC
RETRO_FIRES_V2_1966_OC.nc;1966;grassfire;0.83;0;0.002518;0;0;0.06015;0;0;0.003903;0.4636;0;0;0.06015;4.92E-06;9.10E-06;1.362;1.362;kg(species)/m^2/s*gboxarea*1.e-9*365*86400;RETRO;FIRES;V2;1966;OC
RETRO_FIRES_V2_1966_OC.nc;1966;woodedfire;3.685;0.003472;0.008513;0;3.45E-05;2.41;3.45E-05;0.03111;0.03305;0.2126;0.0002214;0;2.407;0.1177;0.0001743;6.495;6.497;kg(species)/m^2/s*gboxarea*1.e-9*365*86400;RETRO;FIRES;V2;1966;OC
RETRO_FIRES_V2_1967_OC.nc;1967;forestfire;0.6308;0.2893;0.05089;0.01019;0.05378;1.472;0.000754;0.2805;0.3114;0.1351;0.04665;0.04641;1.182;0.05726;0.3833;3.531;3.548;kg(species)/m^2/s*gboxarea*1.e-9*365*86400;RETRO;FIRES;V2;1967;OC
RETRO_FIRES_V2_1967_OC.nc;1967;grassfire;0.8643;0;0.000614;0;0;0.06359;0;0;0.002476;0.5664;0;0;0.06359;1.21E-05;1.57E-05;1.503;1.503;kg(species)/m^2/s*gboxarea*1.e-9*365*86400;RETRO;FIRES;V2;1967;OC
RETRO_FIRES_V2_1967_OC.nc;1967;woodedfire;3.763;0.002838;0.006335;0;2.95E-05;2.543;2.95E-05;0.03256;0.03338;0.2496;0.000104;0;2.54;0.1294;0.0002178;6.756;6.759;kg(species)/m^2/s*gboxarea*1.e-9*365*86400;RETRO;FIRES;V2;1967;OC
RETRO_FIRES_V2_1968_OC.nc;1968;forestfire;0.6684;0.2828;0.1506;0.06867;0.06505;1.527;0.0007161;0.473;0.3303;0.08801;0.04165;0.0413;1.244;0.07654;0.6257;4.158;4.177;kg(species)/m^2/s*gboxarea*1.e-9*366*86400;RETRO;FIRES;V2;1968;OC
RETRO_FIRES_V2_1968_OC.nc;1968;grassfire;0.9599;0;0.003419;0;0;0.07027;0;0;0.003181;0.3644;0;0;0.07027;2.30E-06;1.10E-05;1.403;1.403;kg(species)/m^2/s*gboxarea*1.e-9*366*86400;RETRO;FIRES;V2;1968;OC
RETRO_FIRES_V2_1968_OC.nc;1968;woodedfire;4.311;0.002874;0.008439;0;0.0002169;2.813;2.81E-05;0.02927;0.03299;0.1586;0.0001888;0.0001888;2.811;0.1539;0.0001621;7.504;7.506;kg(species)/m^2/s*gboxarea*1.e-9*366*86400;RETRO;FIRES;V2;1968;OC
RETRO_FIRES_V2_1969_OC.nc;1969;forestfire;0.705;0.7126;0.2387;0.02091;0.07966;2.066;0.0005253;0.6934;0.5428;0.1987;0.06008;0.05988;1.353;0.09168;0.9981;5.815;5.843;kg(species)/m^2/s*gboxarea*1.e-9*365*86400;RETRO;FIRES;V2;1969;OC
RETRO_FIRES_V2_1969_OC.nc;1969;grassfire;0.9257;0;0.0008382;0;0;0.07832;0;0;0.002457;0.8187;0;0;0.07832;5.10E-06;1.00E-05;1.831;1.831;kg(species)/m^2/s*gboxarea*1.e-9*365*86400;RETRO;FIRES;V2;1969;OC
RETRO_FIRES_V2_1969_OC.nc;1969;woodedfire;4.174;0.001371;0.00636;0;2.05E-05;3.134;2.05E-05;0.05069;0.0314;0.369;0.0001442;0;3.132;0.1332;0.0002121;7.898;7.902;kg(species)/m^2/s*gboxarea*1.e-9*365*86400;RETRO;FIRES;V2;1969;OC
RETRO_FIRES_V2_1970_OC.nc;1970;forestfire;0.7421;0.4405;0.1742;0.01806;0.1297;1.837;0.001102;0.472;0.4437;0.1442;0.1028;0.1027;1.396;0.08546;0.7325;4.942;4.963;kg(species)/m^2/s*gboxarea*1.e-9*365*86400;RETRO;FIRES;V2;1970;OC
RETRO_FIRES_V2_1970_OC.nc;1970;grassfire;1.596;0;0.001738;0;0;0.09896;0;0;0.003058;0.6066;0;0;0.09896;7.53E-06;7.32E-06;2.309;2.309;kg(species)/m^2/s*gboxarea*1.e-9*365*86400;RETRO;FIRES;V2;1970;OC
RETRO_FIRES_V2_1970_OC.nc;1970;woodedfire;7.407;0.004955;0.008656;0;4.21E-05;3.966;4.21E-05;0.02067;0.03192;0.2736;0.0001219;0;3.961;0.1442;0.0001882;11.85;11.85;kg(species)/m^2/s*gboxarea*1.e-9*365*86400;RETRO;FIRES;V2;1970;OC
RETRO_FIRES_V2_1971_OC.nc;1971;forestfire;0.7792;0.5636;0.02272;0.04539;0.03817;2.043;0.0004923;0.5846;0.4024;0.0989;0.02655;0.02655;1.479;0.06226;0.1985;4.337;4.346;kg(species)/m^2/s*gboxarea*1.e-9*365*86400;RETRO;FIRES;V2;1971;OC
RETRO_FIRES_V2_1971_OC.nc;1971;grassfire;0.9268;0;0.0009142;0;0;0.03757;0;0;0.001856;0.417;0;0;0.03757;1.21E-05;6.20E-06;1.387;1.387;kg(species)/m^2/s*gboxarea*1.e-9*365*86400;RETRO;FIRES;V2;1971;OC
RETRO_FIRES_V2_1971_OC.nc;1971;woodedfire;4.103;0.003374;0.005671;0;0.0002949;1.508;1.84E-05;0.02936;0.0214;0.1811;0.0002764;0.0002764;1.505;0.1675;0.0002335;6.015;6.017;kg(species)/m^2/s*gboxarea*1.e-9*365*86400;RETRO;FIRES;V2;1971;OC
RETRO_FIRES_V2_1972_OC.nc;1972;forestfire;0.817;0.4543;0.1799;0.3433;0.2223;1.98;0.0003951;0.2767;1.062;0.2434;0.1852;0.1848;1.526;0.07105;1.703;7.453;7.541;kg(species)/m^2/s*gboxarea*1.e-9*366*86400;RETRO;FIRES;V2;1972;OC
RETRO_FIRES_V2_1972_OC.nc;1972;grassfire;0.9752;0;0.0008249;0;0;0.06793;0;0;0.002662;0.8625;0;0;0.06793;3.54E-06;1.08E-05;1.915;1.915;kg(species)/m^2/s*gboxarea*1.e-9*366*86400;RETRO;FIRES;V2;1972;OC
RETRO_FIRES_V2_1972_OC.nc;1972;woodedfire;4.364;0.002231;0.00638;0;2.10E-05;2.721;1.55E-05;0.01811;0.03568;0.384;0.0001041;5.47E-06;2.718;0.1703;0.0001347;7.699;7.701;kg(species)/m^2/s*gboxarea*1.e-9*366*86400;RETRO;FIRES;V2;1972;OC
RETRO_FIRES_V2_1973_OC.nc;1973;forestfire;0.8534;0.5961;0.1741;0.02125;0.06915;2.209;0.0008509;0.1858;0.3661;0.09625;0.0548;0.05434;1.613;0.1848;0.9651;5.332;5.361;kg(species)/m^2/s*gboxarea*1.e-9*365*86400;RETRO;FIRES;V2;1973;OC
RETRO_FIRES_V2_1973_OC.nc;1973;grassfire;1.108;0;0.001406;0;0;0.03959;0;0;0.006478;0.4047;0;0;0.03959;3.25E-06;8.66E-06;1.568;1.568;kg(species)/m^2/s*gboxarea*1.e-9*365*86400;RETRO;FIRES;V2;1973;OC
RETRO_FIRES_V2_1973_OC.nc;1973;woodedfire;4.947;0.001105;0.0144;0;0.0001531;1.586;3.32E-05;0.01328;0.06853;0.1809;0.0004209;0.0001199;1.585;0.1196;0.0001315;6.924;6.926;kg(species)/m^2/s*gboxarea*1.e-9*365*86400;RETRO;FIRES;V2;1973;OC
RETRO_FIRES_V2_1974_OC.nc;1974;forestfire;0.8905;0.7891;0.01794;0.06604;0.06798;2.499;0.0008167;0.3055;0.1265;0.1328;0.04056;0.04011;1.71;0.06058;0.1813;4.387;4.401;kg(species)/m^2/s*gboxarea*1.e-9*365*86400;RETRO;FIRES;V2;1974;OC
RETRO_FIRES_V2_1974_OC.nc;1974;grassfire;0.7359;0;0.0006914;0;0;0.04868;0;0;0.001022;0.5523;0;0;0.04868;7.11E-07;1.74E-06;1.34;1.34;kg(species)/m^2/s*gboxarea*1.e-9*365*86400;RETRO;FIRES;V2;1974;OC
RETRO_FIRES_V2_1974_OC.nc;1974;woodedfire;3.341;0.002125;0.003744;0;3.30E-05;1.949;3.30E-05;0.02013;0.0123;0.2379;0;0;1.947;0.1666;0.0002661;5.729;5.736;kg(species)/m^2/s*gboxarea*1.e-9*365*86400;RETRO;FIRES;V2;1974;OC
RETRO_FIRES_V2_1975_OC.nc;1975;forestfire;0.9276;0.7645;0.1694;0.02185;0.0584;2.554;0.0007695;0.2709;0.1339;0.1767;0.04798;0.0478;1.79;0.08401;0.3152;4.764;4.783;kg(species)/m^2/s*gboxarea*1.e-9*365*86400;RETRO;FIRES;V2;1975;OC
RETRO_FIRES_V2_1975_OC.nc;1975;grassfire;0.9498;0;0.0008243;0;0;0.06652;0;0;0.0007985;0.7259;0;0;0.06652;2.56E-06;7.62E-06;1.745;1.745;kg(species)/m^2/s*gboxarea*1.e-9*365*86400;RETRO;FIRES;V2;1975;OC
RETRO_FIRES_V2_1975_OC.nc;1975;woodedfire;4.349;0.001706;0.003024;0;7.08E-05;2.657;2.95E-05;0.01215;0.009799;0.3269;4.13E-05;4.13E-05;2.655;0.1407;6.85E-05;7.498;7.501;kg(species)/m^2/s*gboxarea*1.e-9*365*86400;RETRO;FIRES;V2;1975;OC
RETRO_FIRES_V2_1976_OC.nc;1976;forestfire;0.9655;0.5633;0.04089;0.006954;0.0548;2.391;0.0003843;0.6984;0.07968;0.2713;0.04828;0.04788;1.828;0.08031;0.6644;5.307;5.329;kg(species)/m^2/s*gboxarea*1.e-9*366*86400;RETRO;FIRES;V2;1976;OC
RETRO_FIRES_V2_1976_OC.nc;1976;grassfire;0.8591;0;0.001898;0;0;0.09122;0;0;0.01183;1.117;0;0;0.09122;7.97E-06;7.88E-06;2.101;2.101;kg(species)/m^2/s*gboxarea*1.e-9*366*86400;RETRO;FIRES;V2;1976;OC
RETRO_FIRES_V2_1976_OC.nc;1976;woodedfire;3.872;0.0009532;0.02641;0;0.0001992;3.646;1.43E-05;0.03878;0.1331;0.4865;0.0008576;0.0001849;3.645;0.1891;0.0002339;8.389;8.406;kg(species)/m^2/s*gboxarea*1.e-9*366*86400;RETRO;FIRES;V2;1976;OC
RETRO_FIRES_V2_1977_OC.nc;1977;forestfire;1.002;0.7655;0.1829;0.0186;0.0601;2.705;0.0009514;0.5236;0.4281;0.271;0.04528;0.04508;1.94;0.1429;1.977;7.37;7.443;kg(species)/m^2/s*gboxarea*1.e-9*365*86400;RETRO;FIRES;V2;1977;OC
RETRO_FIRES_V2_1977_OC.nc;1977;grassfire;1.152;0;0.0009263;0;0;0.04297;0;0;0.002385;1.092;0;0;0.04297;4.51E-06;1.08E-05;2.293;2.293;kg(species)/m^2/s*gboxarea*1.e-9*365*86400;RETRO;FIRES;V2;1977;OC
RETRO_FIRES_V2_1977_OC.nc;1977;woodedfire;5.173;0.001675;0.006236;0;3.83E-05;1.719;3.83E-05;0.02289;0.02404;0.5103;0.0004096;0;1.717;0.1421;0.0002129;7.596;7.597;kg(species)/m^2/s*gboxarea*1.e-9*365*86400;RETRO;FIRES;V2;1977;OC
RETRO_FIRES_V2_1978_OC.nc;1978;forestfire;1.039;0.8365;0.128;0.01842;0.1096;2.801;0.0009819;0.185;0.1163;0.162;0.09426;0.09415;1.964;0.09678;1.189;5.887;5.913;kg(species)/m^2/s*gboxarea*1.e-9*365*86400;RETRO;FIRES;V2;1978;OC
RETRO_FIRES_V2_1978_OC.nc;1978;grassfire;0.9886;0;0.0007175;0;0;0.07282;0;0;0.001283;0.6657;0;0;0.07282;5.01E-06;7.65E-06;1.731;1.731;kg(species)/m^2/s*gboxarea*1.e-9*365*86400;RETRO;FIRES;V2;1978;OC
RETRO_FIRES_V2_1978_OC.nc;1978;woodedfire;4.552;0.002016;0.004489;0;3.86E-05;2.914;3.86E-05;0.02771;0.01449;0.3053;5.04E-05;0;2.912;0.1567;0.0001842;7.973;7.974;kg(species)/m^2/s*gboxarea*1.e-9*365*86400;RETRO;FIRES;V2;1978;OC
RETRO_FIRES_V2_1979_OC.nc;1979;forestfire;1.076;1.184;0.1555;0.01637;0.07278;3.311;0.000717;0.9484;0.1984;0.2654;0.05659;0.05618;2.127;0.08318;1.391;7.573;7.619;kg(species)/m^2/s*gboxarea*1.e-9*365*86400;RETRO;FIRES;V2;1979;OC
RETRO_FIRES_V2_1979_OC.nc;1979;grassfire;1.387;0;0.001834;0;0;0.08041;0;0;0.002669;1.08;0;0;0.08041;0;9.41E-06;2.553;2.553;kg(species)/m^2/s*gboxarea*1.e-9*365*86400;RETRO;FIRES;V2;1979;OC
RETRO_FIRES_V2_1979_OC.nc;1979;woodedfire;6.46;0.008717;0.005991;0;2.71E-05;3.228;2.71E-05;0.01458;0.02154;0.5035;0;0;3.219;0.1711;0.0002312;10.4;10.4;kg(species)/m^2/s*gboxarea*1.e-9*365*86400;RETRO;FIRES;V2;1979;OC
RETRO_FIRES_V2_1980_OC.nc;1980;forestfire;1.114;0.9028;0.1932;0.01261;0.08061;3.041;0.0007796;1.356;0.1537;0.3083;0.06862;0.06843;2.138;0.07737;1.529;7.905;7.949;kg(species)/m^2/s*gboxarea*1.e-9*366*86400;RETRO;FIRES;V2;1980;OC
RETRO_FIRES_V2_1980_OC.nc;1980;grassfire;1.431;0;0.0008719;0;0;0.0886;0;0;0.0009542;1.267;0;0;0.0886;4.57E-06;1.12E-05;2.79;2.79;kg(species)/m^2/s*gboxarea*1.e-9*366*86400;RETRO;FIRES;V2;1980;OC
RETRO_FIRES_V2_1980_OC.nc;1980;woodedfire;6.41;0.02292;0.003348;0;5.83E-05;3.571;3.31E-05;0.01876;0.01106;0.5848;0.0001933;2.53E-05;3.549;0.1652;9.57E-05;10.76;10.77;kg(species)/m^2/s*gboxarea*1.e-9*366*86400;RETRO;FIRES;V2;1980;OC
RETRO_FIRES_V2_1981_OC.nc;1981;forestfire;1.15;0.4843;0.2409;0.02905;0.1015;2.626;0.001492;1.453;0.2426;0.127;0.07678;0.07617;2.141;0.08154;1.174;7.246;7.281;kg(species)/m^2/s*gboxarea*1.e-9*365*86400;RETRO;FIRES;V2;1981;OC
RETRO_FIRES_V2_1981_OC.nc;1981;grassfire;1.018;0;0.00187;0;0;0.06499;0;0;0.002998;0.5185;0;0;0.06499;0;1.00E-05;1.61;1.61;kg(species)/m^2/s*gboxarea*1.e-9*365*86400;RETRO;FIRES;V2;1981;OC
RETRO_FIRES_V2_1981_OC.nc;1981;woodedfire;4.602;0.008757;0.008558;0;0.0002991;2.607;5.86E-05;0.02912;0.03383;0.2309;0.0002858;0.0002405;2.598;0.1214;0.0001462;7.631;7.632;kg(species)/m^2/s*gboxarea*1.e-9*365*86400;RETRO;FIRES;V2;1981;OC
RETRO_FIRES_V2_1982_OC.nc;1982;forestfire;1.187;1.298;0.3089;0.02542;0.0469;3.679;0.0005724;0.4835;0.2929;0.4342;0.04124;0.04108;2.382;0.1099;6.647;13.33;13.63;kg(species)/m^2/s*gboxarea*1.e-9*365*86400;RETRO;FIRES;V2;1982;OC
RETRO_FIRES_V2_1982_OC.nc;1982;grassfire;1.305;0;0.0007879;0;0;0.073;0;0;0.001733;1.054;0;0;0.073;0;1.37E-05;2.438;2.438;kg(species)/m^2/s*gboxarea*1.e-9*365*86400;RETRO;FIRES;V2;1982;OC
RETRO_FIRES_V2_1982_OC.nc;1982;woodedfire;5.875;0.005924;0.004046;0;7.45E-05;2.927;2.15E-05;0.01284;0.0203;0.4698;5.30E-05;5.30E-05;2.921;0.1612;0.0001913;9.471;9.473;kg(species)/m^2/s*gboxarea*1.e-9*365*86400;RETRO;FIRES;V2;1982;OC
RETRO_FIRES_V2_1983_OC.nc;1983;forestfire;1.224;0.7572;0.161;0.09515;0.09112;3.062;0.001337;0.5815;0.0871;0.1496;0.0781;0.07796;2.305;0.1734;3.178;8.844;8.979;kg(species)/m^2/s*gboxarea*1.e-9*365*86400;RETRO;FIRES;V2;1983;OC
RETRO_FIRES_V2_1983_OC.nc;1983;grassfire;1.178;0;0.0009293;0;0;0.07492;0;0;0.001205;0.6271;0;0;0.07492;3.47E-06;1.40E-05;1.884;1.884;kg(species)/m^2/s*gboxarea*1.e-9*365*86400;RETRO;FIRES;V2;1983;OC
RETRO_FIRES_V2_1983_OC.nc;1983;woodedfire;5.351;0.004709;0.005372;0;6.62E-05;2.997;5.26E-05;0.03406;0.01413;0.2846;1.36E-05;1.36E-05;2.993;0.1561;7.77E-05;8.841;8.842;kg(species)/m^2/s*gboxarea*1.e-9*365*86400;RETRO;FIRES;V2;1983;OC
RETRO_FIRES_V2_1984_OC.nc;1984;forestfire;1.263;0.8612;0.1433;0.02954;0.1179;3.276;0.0006494;0.2197;0.2729;0.1548;0.08873;0.08861;2.415;0.1219;1.11;6.806;6.837;kg(species)/m^2/s*gboxarea*1.e-9*366*86400;RETRO;FIRES;V2;1984;OC
RETRO_FIRES_V2_1984_OC.nc;1984;grassfire;0.9077;0;0.002275;0;0;0.02989;0;0;0.003554;0.6334;0;0;0.02989;2.58E-06;1.10E-05;1.579;1.579;kg(species)/m^2/s*gboxarea*1.e-9*366*86400;RETRO;FIRES;V2;1984;OC
RETRO_FIRES_V2_1984_OC.nc;1984;woodedfire;4.011;0.008339;0.006531;0;0.0001874;1.205;2.44E-05;0.009678;0.02938;0.283;0.000475;0.000163;1.196;0.1882;0.000218;5.731;5.735;kg(species)/m^2/s*gboxarea*1.e-9*366*86400;RETRO;FIRES;V2;1984;OC
RETRO_FIRES_V2_1985_OC.nc;1985;forestfire;1.299;0.9748;0.14;0.02818;0.0716;3.461;0.0009727;0.343;0.5902;0.2999;0.04914;0.04902;2.487;0.07921;0.7802;7.205;7.23;kg(species)/m^2/s*gboxarea*1.e-9*365*86400;RETRO;FIRES;V2;1985;OC
RETRO_FIRES_V2_1985_OC.nc;1985;grassfire;0.7937;0;0.0009063;0;0;0.03911;0;0;0.002546;1.242;0;0;0.03911;2.08E-06;7.45E-06;2.083;2.083;kg(species)/m^2/s*gboxarea*1.e-9*365*86400;RETRO;FIRES;V2;1985;OC
RETRO_FIRES_V2_1985_OC.nc;1985;woodedfire;3.565;0.002934;0.007486;0;3.79E-05;1.568;3.79E-05;0.0308;0.03285;0.5784;0.0002002;0;1.565;0.1397;0.0001204;5.92;5.922;kg(species)/m^2/s*gboxarea*1.e-9*365*86400;RETRO;FIRES;V2;1985;OC
RETRO_FIRES_V2_1986_OC.nc;1986;forestfire;1.336;1.085;0.233;0.1066;0.1269;3.563;0.0007353;0.3172;0.5131;0.2147;0.1055;0.1051;2.478;0.1008;2.06;8.868;8.926;kg(species)/m^2/s*gboxarea*1.e-9*365*86400;RETRO;FIRES;V2;1986;OC
RETRO_FIRES_V2_1986_OC.nc;1986;grassfire;0.7847;0;0.001895;0;0;0.05428;0;0;0.006806;0.8612;0;0;0.05428;7.01E-06;1.36E-06;1.718;1.718;kg(species)/m^2/s*gboxarea*1.e-9*365*86400;RETRO;FIRES;V2;1986;OC
RETRO_FIRES_V2_1986_OC.nc;1986;woodedfire;3.507;0.01341;0.01548;0;0.0002206;2.183;2.80E-05;0.01306;0.07006;0.3971;0.0008093;0.0001926;2.17;0.1672;7.77E-05;6.35;6.354;kg(species)/m^2/s*gboxarea*1.e-9*365*86400;RETRO;FIRES;V2;1986;OC
RETRO_FIRES_V2_1987_OC.nc;1987;forestfire;1.373;1.276;0.4125;0.08005;0.1183;3.737;0.0009977;0.3286;0.4246;0.1295;0.08128;0.08115;2.46;0.06706;4.351;11.22;11.34;kg(species)/m^2/s*gboxarea*1.e-9*365*86400;RETRO;FIRES;V2;1987;OC
RETRO_FIRES_V2_1987_OC.nc;1987;grassfire;1.145;0;0.006565;0;0;0.09021;0;0;0.01308;0.5131;0;0;0.09021;6.05E-06;6.76E-06;1.777;1.777;kg(species)/m^2/s*gboxarea*1.e-9*365*86400;RETRO;FIRES;V2;1987;OC
RETRO_FIRES_V2_1987_OC.nc;1987;woodedfire;5.25;0.01772;0.02538;0;0.0001347;3.628;5.26E-05;0.01536;0.1149;0.233;0.0005866;8.21E-05;3.611;0.1339;7.96E-05;9.392;9.393;kg(species)/m^2/s*gboxarea*1.e-9*365*86400;RETRO;FIRES;V2;1987;OC
RETRO_FIRES_V2_1988_OC.nc;1988;forestfire;1.411;1.411;0.2902;0.02803;0.08887;3.816;0.0015;0.6541;0.823;0.1313;0.0604;0.06016;2.405;0.0815;0.9116;8.391;8.414;kg(species)/m^2/s*gboxarea*1.e-9*366*86400;RETRO;FIRES;V2;1988;OC
RETRO_FIRES_V2_1988_OC.nc;1988;grassfire;0.7089;0;0.0008689;0;0;0.05499;0;0;0.003268;0.5409;0;0;0.05499;0;2.18E-05;1.314;1.314;kg(species)/m^2/s*gboxarea*1.e-9*366*86400;RETRO;FIRES;V2;1988;OC
RETRO_FIRES_V2_1988_OC.nc;1988;woodedfire;3.166;0.01414;0.008954;0;0.0001386;2.213;0.0001386;0.0444;0.03724;0.2469;1.61E-05;0;2.199;0.141;0.0002535;5.854;5.856;kg(species)/m^2/s*gboxarea*1.e-9*366*86400;RETRO;FIRES;V2;1988;OC
RETRO_FIRES_V2_1989_OC.nc;1989;forestfire;1.447;0.9821;0.2122;0.2239;0.1913;3.274;0.001139;1.643;0.3933;0.1368;0.1796;0.1795;2.292;0.06546;0.7595;8.637;8.667;kg(species)/m^2/s*gboxarea*1.e-9*365*86400;RETRO;FIRES;V2;1989;OC
RETRO_FIRES_V2_1989_OC.nc;1989;grassfire;0.9326;0;0.004834;0;0;0.05512;0;0;0.004355;0.5593;0;0;0.05512;3.61E-06;8.39E-06;1.559;1.559;kg(species)/m^2/s*gboxarea*1.e-9*365*86400;RETRO;FIRES;V2;1989;OC
RETRO_FIRES_V2_1989_OC.nc;1989;woodedfire;4.182;0.002327;0.007502;0;9.38E-05;2.205;5.06E-05;0.02379;0.04414;0.2526;0.000242;4.33E-05;2.203;0.1563;2.83E-05;6.87;6.871;kg(species)/m^2/s*gboxarea*1.e-9*365*86400;RETRO;FIRES;V2;1989;OC
RETRO_FIRES_V2_1990_OC.nc;1990;forestfire;1.484;0.8377;0.3273;0.4317;0.3652;3.107;0.001173;0.6367;0.6096;0.1791;0.2376;0.2376;2.27;0.08685;1.675;9.328;9.394;kg(species)/m^2/s*gboxarea*1.e-9*365*86400;RETRO;FIRES;V2;1990;OC
RETRO_FIRES_V2_1990_OC.nc;1990;grassfire;1.573;0;0.002542;0;0;0.08206;0;0;0.004418;0.722;0;0;0.08206;3.90E-06;1.83E-05;2.387;2.387;kg(species)/m^2/s*gboxarea*1.e-9*365*86400;RETRO;FIRES;V2;1990;OC
RETRO_FIRES_V2_1990_OC.nc;1990;woodedfire;7.095;0.0004953;0.008628;0;0.0001926;3.279;4.93E-05;0.04269;0.03869;0.3355;0.0004029;0.0001433;3.278;0.1539;0.0002982;10.95;10.95;kg(species)/m^2/s*gboxarea*1.e-9*365*86400;RETRO;FIRES;V2;1990;OC
RETRO_FIRES_V2_1991_OC.nc;1991;forestfire;1.521;1.418;0.2556;0.02233;0.0984;3.69;0.0006931;0.626;0.5582;0.3625;0.07827;0.07808;2.272;0.1012;4.382;11.85;12.05;kg(species)/m^2/s*gboxarea*1.e-9*365*86400;RETRO;FIRES;V2;1991;OC
RETRO_FIRES_V2_1991_OC.nc;1991;grassfire;1.005;0;0.001033;0;0;0.06836;0;0;0.00554;0.9927;0;0;0.06836;0;2.82E-06;2.081;2.081;kg(species)/m^2/s*gboxarea*1.e-9*365*86400;RETRO;FIRES;V2;1991;OC
RETRO_FIRES_V2_1991_OC.nc;1991;woodedfire;4.593;0;0.01269;0;3.65E-06;2.731;3.65E-06;0.01775;0.06407;0.477;0.0003207;0;2.731;0.1867;6.49E-05;8.078;8.081;kg(species)/m^2/s*gboxarea*1.e-9*365*86400;RETRO;FIRES;V2;1991;OC
RETRO_FIRES_V2_1992_OC.nc;1992;forestfire;1.523;0.8503;0.1189;0.05584;0.1106;3.026;0.001073;0.2884;0.5687;0.1751;0.08821;0.08786;2.175;0.08058;4.546;10.58;10.75;kg(species)/m^2/s*gboxarea*1.e-9*366*86400;RETRO;FIRES;V2;1992;OC
RETRO_FIRES_V2_1992_OC.nc;1992;grassfire;1.811;0;0.001209;0;0;0.0842;0;0;0.005294;0.7294;0;0;0.0842;7.25E-06;1.88E-05;2.641;2.641;kg(species)/m^2/s*gboxarea*1.e-9*366*86400;RETRO;FIRES;V2;1992;OC
RETRO_FIRES_V2_1992_OC.nc;1992;woodedfire;8.441;0.001158;0.01221;0;0.0001229;3.372;3.08E-07;0.01742;0.06291;0.3347;0.0001454;0.0001226;3.371;0.1186;0.0002517;12.35;12.36;kg(species)/m^2/s*gboxarea*1.e-9*366*86400;RETRO;FIRES;V2;1992;OC
RETRO_FIRES_V2_1993_OC.nc;1993;forestfire;1.521;1.339;0.1515;0.03492;0.2682;3.493;0.001223;0.62;0.6178;0.1403;0.2408;0.2406;2.154;0.1123;1.974;9.108;9.186;kg(species)/m^2/s*gboxarea*1.e-9*365*86400;RETRO;FIRES;V2;1993;OC
RETRO_FIRES_V2_1993_OC.nc;1993;grassfire;0.9532;0;0.004965;0;0;0.1021;0;0;0.007979;0.5736;0;0;0.1021;8.34E-06;1.31E-05;1.645;1.645;kg(species)/m^2/s*gboxarea*1.e-9*365*86400;RETRO;FIRES;V2;1993;OC
RETRO_FIRES_V2_1993_OC.nc;1993;woodedfire;4.253;0.001233;0.01362;0;0.0001991;4.09;2.36E-06;0.01723;0.06331;0.2579;0.0003677;0.0001967;4.089;0.1721;0.0001017;8.86;8.864;kg(species)/m^2/s*gboxarea*1.e-9*365*86400;RETRO;FIRES;V2;1993;OC
RETRO_FIRES_V2_1994_OC.nc;1994;forestfire;1.521;1.187;0.2456;0.1969;0.1268;3.28;0.001921;1.62;0.4146;0.3038;0.1182;0.1178;2.092;0.07903;3.837;11.75;11.88;kg(species)/m^2/s*gboxarea*1.e-9*365*86400;RETRO;FIRES;V2;1994;OC
RETRO_FIRES_V2_1994_OC.nc;1994;grassfire;1.099;0;0.0009804;0;0;0.03237;0;0;0.001767;1.19;0;0;0.03237;8.62E-06;3.18E-06;2.328;2.328;kg(species)/m^2/s*gboxarea*1.e-9*365*86400;RETRO;FIRES;V2;1994;OC
RETRO_FIRES_V2_1994_OC.nc;1994;woodedfire;5.005;0.01082;0.006315;0;6.93E-05;1.308;6.04E-06;0.0266;0.02558;0.5584;0.0001984;6.33E-05;1.297;0.1481;0.0001797;7.077;7.083;kg(species)/m^2/s*gboxarea*1.e-9*365*86400;RETRO;FIRES;V2;1994;OC
RETRO_FIRES_V2_1995_OC.nc;1995;forestfire;1.521;1.163;0.1401;0.03231;0.05423;3.248;0.0004199;1.71;0.2755;0.1363;0.04694;0.04675;2.085;0.1451;1.292;8.745;8.779;kg(species)/m^2/s*gboxarea*1.e-9*365*86400;RETRO;FIRES;V2;1995;OC
RETRO_FIRES_V2_1995_OC.nc;1995;grassfire;1.27;0;0.0006066;0;0;0.05219;0;0;0.001054;0.5683;0;0;0.05219;3.48E-06;1.23E-05;1.895;1.895;kg(species)/m^2/s*gboxarea*1.e-9*365*86400;RETRO;FIRES;V2;1995;OC
RETRO_FIRES_V2_1995_OC.nc;1995;woodedfire;5.724;0.001782;0.005238;0;2.39E-06;2.087;2.39E-06;0.01622;0.01437;0.2536;2.19E-05;0;2.085;0.1716;0.000111;8.271;8.273;kg(species)/m^2/s*gboxarea*1.e-9*365*86400;RETRO;FIRES;V2;1995;OC
RETRO_FIRES_V2_1996_OC.nc;1996;forestfire;1.523;1.296;0.7156;0.1161;0.1201;3.342;0.001364;0.5;2.201;0.14;0.06888;0.06868;2.046;0.07662;0.8992;10.17;10.2;kg(species)/m^2/s*gboxarea*1.e-9*366*86400;RETRO;FIRES;V2;1996;OC
RETRO_FIRES_V2_1996_OC.nc;1996;grassfire;1.094;0;0.002685;0;0;0.06258;0;0;0.005909;0.5805;0;0;0.06258;7.37E-06;9.24E-06;1.754;1.754;kg(species)/m^2/s*gboxarea*1.e-9*366*86400;RETRO;FIRES;V2;1996;OC
RETRO_FIRES_V2_1996_OC.nc;1996;woodedfire;4.856;0.02373;0.01399;0;6.16E-05;2.523;3.96E-06;0.02954;0.06713;0.2537;0.0002715;5.77E-05;2.5;0.165;0.0001086;7.905;7.906;kg(species)/m^2/s*gboxarea*1.e-9*366*86400;RETRO;FIRES;V2;1996;OC
RETRO_FIRES_V2_1997_OC.nc;1997;forestfire;1.521;0.8177;0.6212;0.06822;0.05705;2.767;0.000567;0.36;0.5212;0.5192;0.04672;0.04588;1.949;0.1043;11.95;18.57;19.11;kg(species)/m^2/s*gboxarea*1.e-9*365*86400;RETRO;FIRES;V2;1997;OC
RETRO_FIRES_V2_1997_OC.nc;1997;grassfire;1.045;0;0.003416;0;0;0.0643;0;0;0.003005;0.7381;0;0;0.0643;3.45E-06;1.82E-05;1.856;1.856;kg(species)/m^2/s*gboxarea*1.e-9*365*86400;RETRO;FIRES;V2;1997;OC
RETRO_FIRES_V2_1997_OC.nc;1997;woodedfire;4.605;0.008519;0.009379;0;5.71E-06;2.587;5.71E-06;0.02051;0.0347;0.332;5.14E-05;0;2.578;0.1821;6.57E-05;7.767;7.769;kg(species)/m^2/s*gboxarea*1.e-9*365*86400;RETRO;FIRES;V2;1997;OC
RETRO_FIRES_V2_1998_OC.nc;1998;forestfire;1.521;1.737;1.888;0.2917;0.33;3.81;0.0006292;1.212;2.323;0.1866;0.2542;0.2539;2.073;0.178;3.917;16.26;16.48;kg(species)/m^2/s*gboxarea*1.e-9*365*86400;RETRO;FIRES;V2;1998;OC
RETRO_FIRES_V2_1998_OC.nc;1998;grassfire;1.222;0;0.01549;0;0;0.1007;0;0;0.01;0.7653;0;0;0.1007;9.50E-06;1.03E-05;2.115;2.115;kg(species)/m^2/s*gboxarea*1.e-9*365*86400;RETRO;FIRES;V2;1998;OC
RETRO_FIRES_V2_1998_OC.nc;1998;woodedfire;5.597;0.002513;0.02184;0;0.0001111;4.03;1.93E-05;0.01538;0.1032;0.3478;0.0004031;9.19E-05;4.028;0.1727;0.0002773;10.28;10.28;kg(species)/m^2/s*gboxarea*1.e-9*365*86400;RETRO;FIRES;V2;1998;OC
RETRO_FIRES_V2_1999_OC.nc;1999;forestfire;1.521;1.053;0.6642;0.03104;0.1793;2.921;0.0005228;0.5083;0.453;0.1897;0.1468;0.1465;1.868;0.1819;1.503;8.348;8.4;kg(species)/m^2/s*gboxarea*1.e-9*365*86400;RETRO;FIRES;V2;1999;OC
RETRO_FIRES_V2_1999_OC.nc;1999;grassfire;1.336;0;0.000989;0;0;0.03359;0;0;0.002115;0.7585;0;0;0.03359;0;5.74E-06;2.136;2.136;kg(species)/m^2/s*gboxarea*1.e-9*365*86400;RETRO;FIRES;V2;1999;OC
RETRO_FIRES_V2_1999_OC.nc;1999;woodedfire;6.041;0.009239;0.007896;0;4.90E-05;1.353;1.03E-07;0.03491;0.0288;0.3491;0.0001668;4.89E-05;1.343;0.181;0.000178;7.994;7.999;kg(species)/m^2/s*gboxarea*1.e-9*365*86400;RETRO;FIRES;V2;1999;OC
RETRO_FIRES_V2_2000_OC.nc;2000;forestfire;1.523;0.8207;0.3623;0.1393;0.2643;2.607;0.002435;0.4829;1.037;0.2023;0.2104;0.2098;1.787;0.2276;1.601;8.752;8.822;kg(species)/m^2/s*gboxarea*1.e-9*366*86400;RETRO;FIRES;V2;2000;OC
RETRO_FIRES_V2_2000_OC.nc;2000;grassfire;1.283;0;0.003041;0;0;0.054;0;0;0.004476;0.8316;0;0;0.054;2.25E-06;2.82E-06;2.181;2.181;kg(species)/m^2/s*gboxarea*1.e-9*366*86400;RETRO;FIRES;V2;2000;OC
RETRO_FIRES_V2_2000_OC.nc;2000;woodedfire;5.664;0.002081;0.01176;0;0.0002924;2.159;0.0002731;0.06385;0.04241;0.3856;0.0002403;1.94E-05;2.157;0.1842;0.0003033;8.512;8.515;kg(species)/m^2/s*gboxarea*1.e-9*366*86400;RETRO;FIRES;V2;2000;OC
